data_set,predictor_init_scale,context_ratio,seed,tjepa/jacobian_mu_p25,tjepa/jacobian_mu_median,tjepa/jacobian_mu_p75,tjepa/effective_rank,tjepa/loss,probe/probe_test_score,tjepa/rc_r_tight_abs,tjepa/rc_erank_repr
helena,10,0.8,456,0.00001875308225862682,0.00009186907846014948,0.0007857326418161392,1.0115911185741424,0.00001711927689029835,0.06150306761264801,0,1.0115915267741278
helena,10,0.8,123,0.000017166110410471447,0.00008485610305797309,0.0007521503721363842,1.025282460451126,0.00004972477472620085,0.08236196637153625,0,1.0252825444511555
helena,10,0.8,42,0.000018826318095477956,0.00008698190954828252,0.0008011682677540478,1.010604524612427,0.000012067228453815916,0.06150306761264801,0,1.0106047329277452
helena,5,0.8,456,0.0000375199451809749,0.0001838932221289724,0.0015715525951236486,1.0135036408901217,0.000014624868526880164,0.06150306761264801,0,1.013503956072769
helena,5,0.8,123,0.0000343637730111368,0.00016982175293378532,0.001504329266026616,1.0294952511787414,0.000054792941227788106,0.08573619276285172,0,1.029495523343675
helena,5,0.8,42,0.000037657792372141474,0.00017412677053572762,0.001604460340473818,1.0124740242958068,0.000009997207598644309,0.06150306761264801,1,1.012474220770616
helena,2,0.8,456,0.000093964088591747,0.0004611034237314016,0.003940703347325325,1.016551524400711,0.00001701043947832659,0.06150306761264801,0,1.0165517456616928
helena,2,0.8,123,0.00008615958358859643,0.00042500486597418785,0.00377409509383142,1.0302295923233031,0.000048499830882065,0.08282208442687988,1,1.0302292469718477
helena,2,0.8,42,0.00009439667337574063,0.000436923437518999,0.004018670413643122,1.019510817527771,0.000018521233869250864,0.06150306761264801,0,1.0195110363712814
helena,1,0.8,456,0.00018806482759740084,0.0009230992974475668,0.00790485056173978,1.0210523664951323,0.000021631072741001844,0.06150306761264801,1,1.021052482432918
helena,1,0.8,123,0.00017244739865418524,0.0008504284196533263,0.007554864510893822,1.0405135869979858,0.00007536529301432893,0.09248466044664384,2,1.0405133283773662
helena,1,0.8,42,0.0001889261620817706,0.0008764287922531366,0.008061124011874199,1.024475061893463,0.000026438923669047657,0.06150306761264801,1,1.0244752729359394
helena,0.5,0.8,456,0.0003770597977563739,0.0018478869460523129,0.015858663246035576,1.098163640499115,0.00018873908265959471,0.1403374224901199,1,1.0981636580700385
helena,0.5,0.8,123,0.0003457753628026694,0.0017038240330293777,0.015112554654479029,1.113719892501831,0.00024995411513373256,0.13773006200790405,2,1.1137199460375546
helena,0.5,0.8,42,0.0003789034561557988,0.0017520840665002525,0.016140049574491448,1.1023730993270875,0.00021287683921400455,0.09800613671541214,2,1.1023727403881467
helena,0.1,0.8,456,0.001944615738466382,0.009510040283203123,0.08188473433256149,1.7153086185455322,0.008679834194481373,0.18006135523319244,5,1.7153051558089072
helena,0.1,0.8,123,0.0017787549877539277,0.008741610683500767,0.07788435369729996,1.7499202013015749,0.009166697040200232,0.18696318566799164,4,1.7499141846149366
helena,0.1,0.8,42,0.0019489278784021735,0.008990421891212463,0.08257371932268143,1.810668045282364,0.01137133687734604,0.2075153291225433,7,1.810662822256501
helena,0.01,0.8,456,0.01080611451722993,0.057631281382777205,0.461258292094599,3.895312774181366,0.023599673062562943,0.2800613343715668,27,3.8952913607137982
helena,0.01,0.8,123,0.009329807944595814,0.05048828944563866,0.4238892197608948,3.538891613483429,0.022798359394073486,0.27898773550987244,27,3.538885623267754
helena,0.01,0.8,42,0.01026436686515808,0.04980332404375076,0.4300805330276489,3.610943984985352,0.022774264216423035,0.27898773550987244,27,3.610931643765881
helena,0.001,0.8,456,0.015104181369190587,0.08625072871641448,0.6538798459338798,5.030762887001037,0.03873134404420853,0.295552134513855,27,5.030758985930671
helena,0.001,0.8,123,0.014429685659706593,0.08345354348421097,0.6501237154006958,3.961151039600373,0.024826085194945335,0.28021472692489624,27,3.9611456711478863
helena,0.001,0.8,42,0.01608394645154476,0.08893737196922302,0.6782928109169006,4.49146409034729,0.02847008779644966,0.29187116026878357,27,4.491423379108826
helena,0.0001,0.8,456,0.015167314696891832,0.08616728846628492,0.6623414867658296,4.712260389328003,0.034926123917102814,0.28895705938339233,27,4.7122473505801725
helena,0.0001,0.8,123,0.014612781815230846,0.08623689413070679,0.6654046773910522,4.111882305145263,0.02423109859228134,0.2756134867668152,27,4.111874011380853
helena,0.0001,0.8,42,0.01727232150733471,0.09628064185380936,0.7276078462600708,4.838969087600708,0.03441929444670677,0.2903374135494232,27,4.838922604106359
aloi,10,0.8,456,0.00048426148714497685,0.0009671966545283794,0.0022038419265300035,1.4632944121505276,0.003776059951633215,0.07981481403112411,2,1.4632867990775378
aloi,10,0.8,123,0.0004748503852169961,0.0009478047722950578,0.00228295661509037,1.63595543124459,0.00519939512014389,0.1373148113489151,2,1.6359449698712918
aloi,10,0.8,42,0.0004357024498658592,0.0009589834038816984,0.0022894133409474154,1.3901877764499548,0.002657210221514106,0.05268518626689911,3,1.390180018856592
aloi,5,0.8,456,0.0009686676203273236,0.0019359991420060396,0.00441706134006381,1.6987790447292903,0.005615086294710636,0.17379629611968994,3,1.6987689073536558
aloi,5,0.8,123,0.0009505750495009124,0.0018969614757224915,0.004565843380987644,1.901517886104006,0.006854589097201824,0.20842592418193817,3,1.901505680904387
aloi,5,0.8,42,0.000872057571541518,0.0019207443110644815,0.004582639317959547,1.7978445147023057,0.00501870084553957,0.184351846575737,4,1.797832272169799
aloi,2,0.8,456,0.002429037122055888,0.004856235813349485,0.011075492016971111,2.6847551013484146,0.00887315720319748,0.3762962818145752,6,2.684728809664505
aloi,2,0.8,123,0.0023839288893732686,0.004763519411337918,0.011457205880935429,2.6803525072155576,0.009765306487679482,0.3345370292663574,5,2.6803307303952177
aloi,2,0.8,42,0.0021849325858056545,0.004814802668988705,0.011489865370094776,2.7219591068499014,0.009027419611811638,0.35777777433395386,6,2.721934397114968
aloi,1,0.8,456,0.004883044399321079,0.009763907641172407,0.02227023057639599,3.985660047242136,0.011919980868697166,0.4974074065685272,7,3.9856191320049215
aloi,1,0.8,123,0.004790274892002344,0.009582523256540298,0.023066800087690353,3.947481155395508,0.012063166126608849,0.4770370423793793,7,3.947438231863694
aloi,1,0.8,42,0.004397232422310863,0.009685208425674274,0.02318092395432809,3.918962933800437,0.0118208983913064,0.5299999713897705,6,3.9189243946152814
aloi,0.5,0.8,456,0.009896054863929749,0.019818874076008797,0.04514128342270851,7.018974390896884,0.014835085719823836,0.6147221922874451,6,7.018906990318769
aloi,0.5,0.8,123,0.009702575393021108,0.01939104124903679,0.046680349856615067,6.771340384627834,0.014822784811258316,0.601111114025116,7,6.771273008728705
aloi,0.5,0.8,42,0.00891412328928709,0.019652949646115303,0.04698561504483223,6.697322007381555,0.014455383643507956,0.6280555725097656,7,6.697259807020295
aloi,0.1,0.8,456,0.04834577068686485,0.09834527224302292,0.2239835113286972,24.40005672339237,0.05986223369836807,0.8164814710617065,47,24.399990047327215
aloi,0.1,0.8,123,0.04773648496239696,0.09659272993047512,0.23394796221337427,23.123227206143465,0.04431360960006714,0.7872222065925598,37,23.123144192455733
aloi,0.1,0.8,42,0.04407449811697006,0.09881501644849776,0.23467670381069183,24.52020737619111,0.04771565645933151,0.8106481432914734,50,24.52012082685209
aloi,0.01,0.8,456,0.05261510983109474,0.10711799561977386,0.245314821600914,25.70110355723988,0.08556705713272095,0.8137962818145752,59,25.7010412038161
aloi,0.01,0.8,123,0.05158825218677521,0.10539525002241136,0.2539006173610687,25.66835137569543,0.06918781995773315,0.8219444155693054,57,25.66827985324991
aloi,0.01,0.8,42,0.04735897108912468,0.10617377609014512,0.24993404746055603,26.026048197890773,0.0726156011223793,0.8180555701255798,58,26.025986692397524
aloi,0.001,0.8,456,0.052758194506168365,0.10748836398124696,0.24516914784908295,25.865912408539742,0.09056781232357024,0.7985185384750366,57,25.865844472260797
aloi,0.001,0.8,123,0.05173791497951916,0.10559842727130322,0.255158529049869,26.58458206870339,0.0726320818066597,0.8008333444595337,60,26.584524391525132
aloi,0.001,0.8,42,0.04698545485734939,0.10566680878400804,0.24865271151065824,25.861442854910187,0.07459060102701187,0.7916666865348816,56,25.861381258696124
aloi,0.0001,0.8,456,0.05244977027177811,0.10700658708810806,0.24434977769851685,26.452360731182676,0.08916424214839935,0.8060185313224792,60,26.4522996867874
aloi,0.0001,0.8,123,0.051593489944934845,0.10536696016788484,0.2540847957134247,26.168322418675277,0.06932809948921204,0.7822222113609314,57,26.16827600812954
aloi,0.0001,0.8,42,0.046566379751312705,0.10512158997795476,0.2474710680716548,26.930031285141453,0.07575709372758865,0.8133333325386047,58,26.92997871712863
jannis,10,0.8,456,0.0004114614857826382,0.0006374210934154689,0.0010363931069150567,1.2101644919468806,0.0006082312320359051,0.45999521017074585,0,1.210159237518338
jannis,10,0.8,123,0.0004214676737319678,0.0006509697996079922,0.001059082569554448,1.316777976659628,0.0008393765310756862,0.4684738516807556,0,1.3167732607484175
jannis,10,0.8,42,0.00041455586324445903,0.0006377826211974025,0.0010494434973224998,1.1767847262896023,0.00043217046186327934,0.49916407465934753,0,1.1767841659043858
jannis,5,0.8,456,0.0008263696799986064,0.001279326737858355,0.0020805492531508207,1.401614294602321,0.0009683817042969168,0.45999521017074585,1,1.4016096488762455
jannis,5,0.8,123,0.0008449655142612755,0.0013048879336565733,0.002124072751030326,1.4542094652469342,0.0012503941543400288,0.4743252992630005,0,1.454204310841626
jannis,5,0.8,42,0.0008326168172061443,0.0012801496777683496,0.002106834203004837,1.3300621188603914,0.0007467934628948569,0.4998805820941925,0,1.3300563291381806
jannis,2,0.8,456,0.002087066415697336,0.003233590628951788,0.005264182109385729,2.0412880457364597,0.0027838456444442272,0.4665631651878357,0,2.0412724342544206
jannis,2,0.8,123,0.0021337121725082397,0.0033065322786569595,0.005369128193706274,2.052744957116934,0.0030083043966442347,0.5299737453460693,1,2.052728032049862
jannis,2,0.8,42,0.0021027805681717994,0.0032330612211217027,0.005335075486943523,1.9374393591514,0.0024491334334015846,0.5210174322128296,0,1.937428762726603
jannis,1,0.8,456,0.004227912053465843,0.006564714014530182,0.010703281499445438,3.4822949721263003,0.007272956892848015,0.547528088092804,1,3.482262209099625
jannis,1,0.8,123,0.00434747664257884,0.006753779482096434,0.010993247851729391,3.4367210498222938,0.007818846963346004,0.5585144758224487,2,3.4366866082574083
jannis,1,0.8,42,0.004280029679074017,0.006586429479025112,0.010873368797501518,3.416660785675049,0.007505442947149277,0.5646046996116638,3,3.416641745834009
jannis,0.5,0.8,456,0.00855826772749424,0.013273964636027811,0.0217683557420969,8.751725967113789,0.03259485960006714,0.6170288920402527,2,8.751659687434037
jannis,0.5,0.8,123,0.008876306936144829,0.013816283084452152,0.022550003603100777,8.344078394082876,0.03495294600725174,0.5912348031997681,1,8.34400891750595
jannis,0.5,0.8,42,0.00875276792794466,0.01352087128907442,0.0223301462829113,8.2554821234483,0.03267194330692291,0.6025794148445129,1,8.255433318732354
jannis,0.1,0.8,456,0.040442001780652735,0.06223494803845302,0.10106535159625386,38.266324263352615,0.17176464200019836,0.7046811580657959,18,38.26631756437776
jannis,0.1,0.8,123,0.04069257155060768,0.06298969686031342,0.10246813297271729,38.76253538865309,0.18202105164527893,0.696799635887146,20,38.762524651928
jannis,0.1,0.8,42,0.04025993123650551,0.06189948692917824,0.10188017040491104,39.158593544593224,0.17874661087989807,0.700262725353241,22,39.158576343896634
jannis,0.01,0.8,456,0.04828067123889923,0.07365960627794266,0.11815416067838667,38.63649691068209,0.2689626216888428,0.6773346066474915,25,38.636482083141225
jannis,0.01,0.8,123,0.04943624511361122,0.0748646929860115,0.12039775401353836,37.720795558049126,0.26983392238616943,0.6823501586914062,14,37.72078276431001
jannis,0.01,0.8,42,0.04922511428594589,0.07441308349370956,0.1215251013636589,38.22037755526029,0.28709638118743896,0.6866491436958313,13,38.22036700860194
jannis,0.001,0.8,456,0.048494063317775726,0.07411649823188782,0.1188131645321846,38.01544864361103,0.2705301344394684,0.6793646812438965,25,38.015435524177384
jannis,0.001,0.8,123,0.04969030931730423,0.0755156659910079,0.12109383293245785,37.62042456406813,0.2711886465549469,0.6834248900413513,12,37.62040899124517
jannis,0.001,0.8,42,0.049578532576560974,0.07497338950634003,0.1222301572561264,37.5189455472506,0.28625747561454773,0.6856938004493713,16,37.51892851727144
jannis,0.0001,0.8,456,0.048486411571502686,0.07411313056945801,0.11879081279039384,37.99839709355281,0.2709064483642578,0.6805588603019714,24,37.99838144607512
jannis,0.0001,0.8,123,0.049675412476062775,0.07547502964735031,0.12107741832733154,37.67362844027006,0.2716372013092041,0.6797229647636414,13,37.673616372115106
jannis,0.0001,0.8,42,0.04959873867664778,0.0749726841883577,0.12228175635372084,37.52731954134427,0.28601977229118347,0.6862909197807312,15,37.52730784447545
helena,10,0.7,456,0.000021964240659144707,0.00010797125287353992,0.000939655292313546,1.0113576173782348,0.0000132558197947219,0.06150306761264801,0,1.0113580794399066
helena,10,0.7,123,0.000020309122191974893,0.00009859391866484656,0.0008879649685695767,1.034703528881073,0.00006036974446033128,0.09294478595256804,1,1.0347035579040935
helena,10,0.7,42,0.00002240548565168865,0.000101792742498219,0.0009425368625670671,1.008070969581604,0.000006152075911813881,0.06150306761264801,0,1.0080710760205331
helena,5,0.7,456,0.00004394400821183808,0.0002160976582672447,0.001879909075796604,1.0137512266635895,0.000009964424862118904,0.06150306761264801,0,1.013751722186779
helena,5,0.7,123,0.00004062338484800421,0.00019730675558093935,0.0017763891955837607,1.036599189043045,0.0000597170801484026,0.093251533806324,1,1.0365991601760984
helena,5,0.7,42,0.0000448341941746248,0.0002037889958936076,0.0018850624516078547,1.010542279481888,0.000005309695552568883,0.06150306761264801,0,1.010542475330761
helena,2,0.7,456,0.0001101017332985066,0.0005407807766459882,0.004708651453256607,1.0183844089508056,0.00001280089418287389,0.06150306761264801,0,1.0183847822784275
helena,2,0.7,123,0.00010174724593525752,0.00049402448348701,0.004452672321349382,1.037956839799881,0.00005375108594307676,0.09585889428853989,1,1.0379563505847536
helena,2,0.7,42,0.00011219205771340056,0.00051100057316944,0.004734406713396311,1.0190006017684936,0.00001125226481235586,0.06150306761264801,1,1.0190009444027723
helena,1,0.7,456,0.00022073079890105873,0.0010826456127688289,0.00945618376135826,1.0216922461986542,0.000012595024600159375,0.07592024654150009,1,1.021692205679866
helena,1,0.7,123,0.00020377837063279003,0.000990498811006546,0.00891372375190258,1.0465539932250976,0.00006046211638022214,0.09171779453754424,2,1.0465533360674095
helena,1,0.7,42,0.00022488765574215692,0.0010251462867133458,0.009478828481193092,1.0256288468837738,0.000016029171092668548,0.06150306761264801,0,1.0256290294307135
helena,0.5,0.7,456,0.00044195406371727586,0.002170461928471923,0.018956642597913746,1.1302390277385712,0.0001771789393387735,0.15122699737548828,0,1.130238994361254
helena,0.5,0.7,123,0.0004079574428033084,0.001983791356906295,0.017859814688563347,1.1217471599578857,0.00021097477292641997,0.09831288456916808,2,1.121747203157604
helena,0.5,0.7,42,0.0004501474613789469,0.0020534589421004057,0.019001996144652367,1.12189901471138,0.00016258856339845806,0.11717791110277176,2,1.1218980264707497
helena,0.1,0.7,456,0.002280735485587015,0.011222310200836165,0.09763767337474212,1.882593858242035,0.006647321395576,0.1773006170988083,5,1.8825874961571771
helena,0.1,0.7,123,0.0021074642427265644,0.010222386568784714,0.09125390648841858,1.9523811519145968,0.008638090454041958,0.17576687037944794,6,1.9523730175926268
helena,0.1,0.7,42,0.002335615921765566,0.010615184903144836,0.09830835461616516,2.05163027048111,0.011267172172665596,0.19785276055336,5,2.051627763019593
helena,0.01,0.7,456,0.011709345504641531,0.06274200230836868,0.4988574981689453,4.474946665763855,0.026069797575473785,0.2766871154308319,27,4.4749320642357615
helena,0.01,0.7,123,0.01009239854235216,0.05456919933732286,0.4554676381819866,3.783225190639496,0.017816558480262756,0.27208587527275085,27,3.783201598935943
helena,0.01,0.7,42,0.011245639994740486,0.05556202307343483,0.47176671028137207,3.6529013872146607,0.016271280124783516,0.2730061411857605,27,3.65289201825688
helena,0.001,0.7,456,0.017699765041470528,0.09853455424308775,0.7587220668792725,6.749435639381408,0.05868198722600937,0.2949386537075043,27,6.74940823303704
helena,0.001,0.7,123,0.01620068663433836,0.09380887538401927,0.7394868119080378,5.636137127876282,0.03344153240323067,0.28328222036361694,27,5.636124411471144
helena,0.001,0.7,42,0.019146190956234932,0.10280844569206238,0.8012807369232178,5.903172826766967,0.03277989476919174,0.2903374135494232,27,5.903124118663586
helena,0.0001,0.7,456,0.017262497916817665,0.0958818793296814,0.7435715794563293,7.192299890518188,0.07376539707183838,0.3033742308616638,27,7.192273150851629
helena,0.0001,0.7,123,0.016422707185515344,0.09556276661259076,0.749254710592633,5.608228182792663,0.034645892679691315,0.27898773550987244,27,5.608219149798582
helena,0.0001,0.7,42,0.018561454489827156,0.10094955563545228,0.7811580896377563,6.132191252708435,0.03727083280682564,0.293558269739151,27,6.1321383156261104
aloi,10,0.7,456,0.0006300293025560677,0.0012274356558918953,0.002875422826036811,1.492133794408856,0.002601014915853739,0.04194444417953491,3,1.4921265962667578
aloi,10,0.7,123,0.0006202610093168914,0.0012212257133796811,0.0029547750018537045,1.6976833776994185,0.00469102431088686,0.12666666507720947,2,1.6976724804916006
aloi,10,0.7,42,0.000600076571572572,0.0012511477107182143,0.0029645145405083895,1.45586553848151,0.0021563374903053045,0.05361111089587211,2,1.455856061195696
aloi,5,0.7,456,0.0012609729310497642,0.002456976566463709,0.005752894561737776,1.7452367833166411,0.003967775031924248,0.17000000178813934,3,1.7452262659921125
aloi,5,0.7,123,0.0012419198149468903,0.0024465060029819365,0.005916603745384181,2.0050651413021665,0.00623922236263752,0.21879629790782928,3,2.005050424212712
aloi,5,0.7,42,0.0012012021616101265,0.00250400067307055,0.005935073830187321,1.908379897926793,0.004056504927575588,0.24833333492279053,4,1.90836567534604
aloi,2,0.7,456,0.0031641589011996984,0.006163264159113169,0.014428420923650265,2.8370676546385796,0.007328680716454983,0.3787037134170532,5,2.837043848336199
aloi,2,0.7,123,0.0031140469945967197,0.00613193865865469,0.014841672964394093,2.8244156981959487,0.00874289870262146,0.36509260535240173,5,2.8243931576352437
aloi,2,0.7,42,0.003010638291016221,0.006278450600802898,0.014889894053339958,2.9279445951635186,0.007402848917990923,0.3934259116649628,7,2.9279159601114197
aloi,1,0.7,456,0.006364528490408931,0.01239868616399353,0.02903946914096509,4.21921393365571,0.009952377527952194,0.5133333206176758,3,4.219175039748193
aloi,1,0.7,123,0.006262598093599081,0.012343138456344604,0.02988268062472343,4.193098718469793,0.011376324109733105,0.5173147916793823,3,4.193053979885702
aloi,1,0.7,42,0.006069781258702278,0.012639378197491167,0.029954150319099423,4.163704799883293,0.009989229962229729,0.5440740585327148,9,4.163665819689206
aloi,0.5,0.7,456,0.01289732102304697,0.025183439254760746,0.058904413133859634,7.533606572584673,0.013256817124783993,0.6411111354827881,4,7.533538203428578
aloi,0.5,0.7,123,0.012662427330555687,0.024950977497948435,0.060353765084700466,7.191849405115301,0.015110772103071213,0.6107407212257385,7,7.191785658942745
aloi,0.5,0.7,42,0.012291443534195425,0.025686729699373245,0.06087082624435425,7.212844559640596,0.013468737713992596,0.6512036919593811,6,7.212787942246223
aloi,0.1,0.7,456,0.06606067717075348,0.1280612349510193,0.2994776964187622,21.641094092166785,0.03191407769918442,0.7786111235618591,35,21.641027077971387
aloi,0.1,0.7,123,0.06372570991516113,0.12652899324893951,0.3086642622947693,22.370107939749055,0.048829589039087296,0.7785184979438782,35,22.37003673253096
aloi,0.1,0.7,42,0.06368252635002136,0.1326369196176529,0.31477025151252747,21.943827080004144,0.033576592803001404,0.7894444465637207,43,21.943715164254808
aloi,0.01,0.7,456,0.0700267106294632,0.13771608471870422,0.3248719573020935,24.61748024911591,0.07739594578742981,0.7969444394111633,56,24.617452902488655
aloi,0.01,0.7,123,0.06860857456922531,0.136637344956398,0.3339441120624542,23.89743619976622,0.08504454791545868,0.7912036776542664,59,23.89739431695859
aloi,0.01,0.7,42,0.0667252168059349,0.14072775840759277,0.33687615394592285,24.48482981595126,0.08251556754112244,0.7955555319786072,58,24.484792195140216
aloi,0.001,0.7,456,0.07005669921636581,0.13799820840358734,0.32675307989120483,24.26162349816525,0.08392549306154251,0.7858333587646484,54,24.26155976778063
aloi,0.001,0.7,123,0.06833895609160433,0.13690378278485968,0.3347825853563243,23.739942088271633,0.08594556897878647,0.7907407283782959,59,23.73988290254681
aloi,0.001,0.7,42,0.06649059802293777,0.14035607874393463,0.33542558550834656,24.27983717484908,0.08500905334949493,0.7975925803184509,56,24.27979634364299
aloi,0.0001,0.7,456,0.07002440094947815,0.13767386972904205,0.32531625032424927,24.92040223786325,0.08274632692337036,0.7803703546524048,58,24.920365456645985
aloi,0.0001,0.7,123,0.06812090522644222,0.13622846456467042,0.3335043124488288,24.365385228937324,0.09002221375703812,0.7882407307624817,55,24.365342159296485
aloi,0.0001,0.7,42,0.06644945591688156,0.14055567979812622,0.3352121114730835,24.457095810861297,0.08509989827871323,0.7855555415153503,58,24.45705468607079
jannis,10,0.7,456,0.0004992339527234435,0.0007458995678462088,0.0012175749288871884,1.2383328813772936,0.000415797607274726,0.45999521017074585,0,1.2383311022557513
jannis,10,0.7,123,0.0005199704319238663,0.0007765278569422662,0.00123983109369874,1.374627865277804,0.0005361699732020497,0.4679961800575256,0,1.3746239485451353
jannis,10,0.7,42,0.0005042447010055184,0.0007681348361074924,0.00126486096996814,1.181553868147043,0.0002323636144865304,0.5008358955383301,0,1.1815506071941777
jannis,5,0.7,456,0.0010013128568465502,0.0014971910753019204,0.0024453610896732147,1.4818416558779204,0.0006452968227677047,0.45999521017074585,1,1.481836532589375
jannis,5,0.7,123,0.0010423752246424556,0.0015582115156576035,0.0024854657240211964,1.5659874219160814,0.0007879360346123576,0.47790780663490295,0,1.565982375390499
jannis,5,0.7,42,0.0010119613725692034,0.0015401430428028109,0.0025371660012751818,1.3699461680192213,0.0004355470882728696,0.5019106864929199,0,1.3699417283023057
jannis,2,0.7,456,0.00252832705155015,0.003779492806643248,0.006177899893373251,2.2339266630319448,0.001706122187897563,0.4924767017364502,0,2.2339081112690575
jannis,2,0.7,123,0.0026365951634943485,0.003942692186683416,0.0062972502782940865,2.2349814726756168,0.001863031066022813,0.5365417003631592,1,2.2349669837236377
jannis,2,0.7,42,0.0025634244084358215,0.003896985901519656,0.006434993352741003,2.0649500443385196,0.0015082991449162364,0.5204203724861145,0,2.064937907347109
jannis,1,0.7,456,0.005138881380837024,0.007696054013561056,0.012588004406497402,3.693897623282212,0.003957564011216164,0.5474086403846741,1,3.6938603968518033
jannis,1,0.7,123,0.0053800600580871105,0.008055281825363636,0.012893293052911758,3.698814447109516,0.0041163284331560135,0.5632911324501038,2,3.698782720551432
jannis,0.5,0.7,456,0.010484795086085796,0.015732552856206894,0.02570495568215847,7.451174992781419,0.01180010475218296,0.6032959222793579,2,7.45110734983515
jannis,1,0.7,42,0.005215674173086882,0.007950414903461933,0.013121203519403934,3.6492288296039286,0.004314776510000229,0.5643659234046936,0,3.649194741800561
jannis,0.5,0.7,123,0.011081965640187263,0.01666710525751114,0.02681008912622929,7.366438498863807,0.01249490026384592,0.5975638628005981,1,7.366377211880319
jannis,0.5,0.7,42,0.010751546357431445,0.016449433831688003,0.027221148358213383,7.209843855637771,0.012181863188743591,0.5939813852310181,1,7.20979401417596
jannis,0.1,0.7,456,0.04847797827372753,0.07198612298162946,0.11694919240794002,38.05829561673678,0.16195040941238403,0.704322874546051,5,38.0582836724881
jannis,0.1,0.7,123,0.04953519627451897,0.07403476536273956,0.1180371344089508,38.250895280104416,0.16968601942062378,0.702053964138031,1,38.250884537691384
jannis,0.1,0.7,42,0.04828503727912903,0.07359935343265533,0.12117858231067656,39.05220339848445,0.16115102171897888,0.699307382106781,6,39.05218691985886
jannis,0.01,0.7,456,0.05752885341644287,0.08438301831483841,0.1349773406982422,37.8164251767672,0.2545970678329468,0.6907093524932861,7,37.81641369685972
jannis,0.01,0.7,123,0.05968480557203293,0.0880383849143982,0.13882333040237427,37.11667031508226,0.25312337279319763,0.693097710609436,5,37.11666253305047
jannis,0.01,0.7,42,0.058594945818185806,0.08789490908384323,0.1443118005990982,37.22047571035531,0.2587372660636902,0.6891568899154663,10,37.22046340183172
jannis,0.001,0.7,456,0.05772978439927101,0.08477358520030975,0.13555681705474854,37.56477620051457,0.2563101053237915,0.6779316663742065,4,37.56476534046017
jannis,0.001,0.7,123,0.05982944369316101,0.08824312686920166,0.13913345336914062,37.18651947608361,0.2532263398170471,0.6921423673629761,3,37.18651172887857
jannis,0.001,0.7,42,0.058946143835783005,0.08835384994745255,0.14508402347564697,37.06005903390738,0.25918054580688477,0.6880821585655212,9,37.06004455266368
jannis,0.0001,0.7,456,0.05775105953216553,0.08478973060846329,0.13548356294631958,37.583595275878906,0.2565526068210602,0.6807976961135864,4,37.58358137859043
jannis,0.0001,0.7,123,0.059851351577413905,0.08829948835718068,0.13919121681136265,37.18666560833271,0.2531645894050598,0.696083128452301,4,37.18665329998924
jannis,0.0001,0.7,42,0.05897016078233719,0.08835502713918686,0.1451573222875595,37.0683169731727,0.2598666548728943,0.6873656511306763,10,37.06830653357524
helena,10,0.6,456,0.00002338697659441302,0.00011545827592123652,0.000999279978527803,1.011328971385956,0.000010447281965753064,0.06150306761264801,0,1.0113295170919296
helena,10,0.6,123,0.00002171320920751896,0.00010659865802153944,0.000964039412792772,1.0362941443920135,0.00005235106073087081,0.10214723646640778,0,1.0362938870354528
helena,10,0.6,42,0.00002393102658970747,0.00010830410610651596,0.0010135029442608356,1.0065535128116607,0.0000036261840250517703,0.06150306761264801,0,1.006553755794966
helena,5,0.6,456,0.000046835011744406074,0.0002309821720700711,0.0020005707629024982,1.0133955895900726,0.000007090067811077461,0.06150306761264801,0,1.0133961523880344
helena,5,0.6,123,0.000043458054278744385,0.00021327445574570447,0.001930001424625516,1.039218121767044,0.000054995914979372174,0.10552147030830385,1,1.0392181973427943
helena,5,0.6,42,0.00004786703706134035,0.00021672854043638297,0.0020281872365516844,1.008137285709381,0.0000023082081952452427,0.06150306761264801,1,1.008137672138586
helena,2,0.6,456,0.00011772813741117716,0.0005778629565611482,0.005015160422772169,1.0194768488407135,0.000009900029908749277,0.06150306761264801,0,1.019477124350817
helena,2,0.6,123,0.00010890835255850106,0.0005335897440090775,0.004832201637327671,1.04428870677948,0.00005590776345343329,0.09831288456916808,1,1.0442888416951717
helena,2,0.6,42,0.00012018575216643512,0.0005450807511806488,0.005091007798910141,1.0161255478858948,0.000005011029315937776,0.06150306761264801,1,1.016125780483661
helena,1,0.6,456,0.000235893385251984,0.0011591847287490964,0.010049362666904926,1.022358226776123,0.000009551367838867009,0.06150306761264801,1,1.022358226989502
helena,1,0.6,123,0.00021872531215194613,0.0010704954620450735,0.009674884378910065,1.0546550810337068,0.00006502499309135601,0.09493865072727203,2,1.0546544142772407
helena,1,0.6,42,0.00024141131775405616,0.0010935195036554995,0.01020615474182522,1.028318989276886,0.00001298891584156081,0.06150306761264801,0,1.0283191579946236
helena,0.5,0.6,456,0.0004720005381386727,0.002320302650332451,0.02014380507171154,1.132857805490494,0.00015146250370889902,0.14892637729644775,1,1.1328581692005355
helena,0.5,0.6,123,0.000438136252341792,0.002143728779628873,0.01937065087258816,1.13049156665802,0.00019651788170449436,0.10168711841106416,2,1.1304914488068274
helena,0.5,0.6,42,0.0004832720151171088,0.002188611077144742,0.02041885443031788,1.1292901694774629,0.00012264112592674792,0.1386503130197525,2,1.129290015029674
helena,0.1,0.6,456,0.0024429811164736748,0.012049226090312004,0.10409385710954666,2.0725291967391968,0.009030569344758987,0.19892637431621552,3,2.0725264336432945
helena,0.1,0.6,123,0.002251962533046822,0.011065103263552666,0.0992580960434818,2.0548826336860655,0.008683284744620323,0.1874233186244965,5,2.054875376599583
helena,0.1,0.6,42,0.0025007070507854223,0.011302880942821504,0.10584954172372818,2.1155022978782654,0.010096888057887554,0.20506134629249573,6,2.1154933857595792
helena,0.01,0.6,456,0.012105102650821207,0.06503912061452866,0.5146508812904358,3.951167249679566,0.01563282310962677,0.27407974004745483,27,3.951158577254128
helena,0.01,0.6,123,0.010714672049558234,0.058577280226747706,0.48284374877030906,4.273615384101868,0.021224603056907657,0.2742331326007843,27,4.273594116689795
helena,0.01,0.6,42,0.012282537296414375,0.06133093312382698,0.5086972713470459,4.05406094789505,0.01896338351070881,0.2743864953517914,27,4.0540466010910015
helena,0.001,0.6,456,0.01850820519030094,0.10420046746730804,0.7902830839157104,6.380920791625977,0.03641607239842415,0.28205519914627075,27,6.380894328353397
helena,0.001,0.6,123,0.017048919573426247,0.1014138162136078,0.7930187582969666,5.5354979753494264,0.022911056876182556,0.26947852969169617,27,5.53547521867618
helena,0.001,0.6,42,0.018785687163472176,0.1019948273897171,0.7824834585189819,5.994298148155212,0.027672868221998215,0.28082820773124695,27,5.994247299504126
helena,0.0001,0.6,123,0.01749857863316877,0.10404918820075114,0.812392421096964,5.6286128282547,0.023053955286741257,0.26595091819763184,27,5.628597888842561
helena,0.0001,0.6,456,0.01960265450179577,0.11114881932735445,0.8311794996261597,6.818013429641724,0.052186354994773865,0.28834354877471924,27,6.817982217295972
helena,0.0001,0.6,42,0.018203750252723697,0.09915224462747574,0.7558358907699585,5.605172467231751,0.021906670182943344,0.2780674695968628,27,5.6051252490329535
aloi,10,0.6,456,0.000751338963936462,0.0014732033307503258,0.003459817603246422,1.5085186380328557,0.0023057295475155115,0.03481481596827507,3,1.5085144982035197
aloi,10,0.6,123,0.0007456730236299336,0.0014400244690477848,0.0034715430811047554,1.7692530516422156,0.00339042441919446,0.16907407343387604,3,1.7692430471286376
aloi,10,0.6,42,0.0007222248241305351,0.0014957048697397113,0.003565529128536582,1.5277494192123413,0.001888939179480076,0.061759259551763535,4,1.5277398932336694
aloi,5,0.6,456,0.0015043396269902587,0.002946280175819993,0.006925475317984819,1.8144907156626384,0.0035699978470802307,0.17592592537403107,4,1.814481724912024
aloi,5,0.6,123,0.001494223135523498,0.0028853805270045996,0.006950638256967068,2.1102309877222236,0.004387503024190664,0.2603703737258911,4,2.1102156571339306
aloi,5,0.6,42,0.0014453849289566278,0.002994570415467024,0.007133624982088804,2.0020430955019863,0.0033977613784372807,0.2702777683734894,4,2.002029233043608
aloi,2,0.6,456,0.0037696182262152433,0.007400937844067812,0.017394782975316048,2.990796219218861,0.006594243459403515,0.3785185217857361,7,2.990770306817295
aloi,2,0.6,123,0.0037472748663276434,0.0072348159737885,0.017435969784855843,2.979904485471321,0.006256538443267345,0.3774074018001557,4,2.97987912634929
aloi,2,0.6,42,0.003626941703259945,0.007505198940634728,0.01789230667054653,3.1259274771719268,0.006256104446947575,0.39629629254341125,7,3.125897886801887
aloi,1,0.6,456,0.007573623274325494,0.01489576248072194,0.034961072705112235,4.4198125492442735,0.009048135951161385,0.4988888800144195,10,4.419775088654689
aloi,1,0.6,123,0.007537287476495473,0.014573822270884568,0.03510221716843498,4.433180895718661,0.00843246653676033,0.5018518567085266,7,4.433139055091899
aloi,1,0.6,42,0.007296591065824032,0.015111313201487064,0.035976506769657135,4.438506111954197,0.008634136989712715,0.5631481409072876,8,4.438463599349098
aloi,0.5,0.6,456,0.015349575318396091,0.030253611505031586,0.07101224362850189,7.897652683836041,0.012946374714374542,0.6662963032722473,17,7.89758516254457
aloi,0.5,0.6,123,0.015201600268483162,0.029496999457478523,0.07095016539096832,7.391430031169545,0.012225626036524773,0.627407431602478,11,7.391365020887946
aloi,0.5,0.6,42,0.014784054830670357,0.030664503574371334,0.07291637361049652,7.521285895145301,0.01254187524318695,0.6616666913032532,6,7.521227310531872
aloi,0.1,0.6,456,0.07918644696474075,0.15482622385025024,0.3620908856391907,23.945761940696023,0.028986908495426175,0.8144444227218628,54,23.94567785866451
aloi,0.1,0.6,123,0.07896264642477036,0.15176264941692352,0.3663794994354248,23.116548018022016,0.029253870248794556,0.7955555319786072,43,23.11647723495945
aloi,0.1,0.6,42,0.07649492155387293,0.15829950748918664,0.3755596161634851,24.53800288113681,0.03369193524122238,0.801111102104187,38,24.53792550926051
aloi,0.01,0.6,456,0.08565040677785873,0.17069287598133087,0.3985449969768524,25.28339385986328,0.08344338834285736,0.805648148059845,61,25.283371130217713
aloi,0.01,0.6,123,0.08395636826753616,0.16536657512187958,0.4042277932167053,24.49477224638968,0.09188715368509293,0.7962962985038757,56,24.49472899717402
aloi,0.01,0.6,42,0.08139853179454803,0.17026127874851227,0.405884325504303,24.56589502276796,0.0981827676296234,0.7768518328666687,55,24.56585599604609
aloi,0.001,0.6,456,0.08569013327360153,0.17107263207435608,0.3985435366630554,24.907623926798504,0.09092573821544649,0.803518533706665,62,24.907575327876273
aloi,0.001,0.6,123,0.08402199773507717,0.1654008771898435,0.4027962236045102,24.842789274273496,0.1000608503818512,0.7984259128570557,57,24.84274708931832
aloi,0.001,0.6,42,0.08190468698740005,0.17117950320243835,0.4076187312602997,25.48568633108428,0.1025649905204773,0.7908333539962769,55,25.485650029481587
aloi,0.0001,0.6,456,0.08462023735046387,0.16918855905532837,0.39542707800865173,24.91904304966782,0.09309286624193192,0.7685185074806213,62,24.919002203600296
aloi,0.0001,0.6,123,0.08388743549585342,0.16540835797786713,0.40253037214279175,25.525871392452355,0.1013437807559967,0.7806481719017029,58,25.52581531104445
aloi,0.0001,0.6,42,0.08113409578800201,0.1699023395776749,0.40426105260849,24.571676196474016,0.1041836515069008,0.7900000214576721,56,24.57161741112912
jannis,10,0.6,456,0.0005349591174374566,0.0008131067470409398,0.0013299625666752543,1.2838056775239797,0.0003291559696663171,0.45999521017074585,0,1.2838024403342605
jannis,10,0.6,123,0.0005625268095172942,0.0008451038738712668,0.0013550275471061468,1.426815702364995,0.0004273045342415571,0.4712204337120056,0,1.4268120033158396
jannis,10,0.6,42,0.0005401929374784231,0.0008215236011892557,0.0013643960701301694,1.205594383753263,0.00018172462296206504,0.5045378804206848,0,1.2055924269292708
jannis,5,0.6,456,0.0010740167926996946,0.0016325064934790134,0.002669781446456909,1.5618706941604614,0.0004965370171703398,0.4607117176055908,0,1.561864151185882
jannis,5,0.6,123,0.001128470990806818,0.0016960259526968002,0.002720031421631574,1.6811042932363658,0.0005776736070401967,0.48113206028938293,0,1.681096117792496
jannis,5,0.6,42,0.0010845256163693618,0.0016495385645700733,0.002741489725096074,1.418366368000324,0.0003266062121838331,0.5103893280029297,0,1.418361816220555
jannis,2,0.6,456,0.0027104432228952646,0.004120704717934132,0.006752516143023968,2.4527624937204213,0.0013619832461699843,0.4931932091712952,0,2.452746289678408
jannis,2,0.6,123,0.0028546948451548815,0.004296511877328157,0.006890328135341406,2.432628338153546,0.0013741505099460485,0.5462144613265991,1,2.432610721437383
jannis,2,0.6,42,0.002745542675256729,0.004182648379355669,0.006936585530638695,2.2523006475888767,0.0011697501176968217,0.5185096859931946,1,2.2522911792401774
jannis,1,0.6,456,0.005506427958607674,0.008398722857236862,0.013755781576037409,4.019284239182105,0.0029828986153006554,0.5457367897033691,0,4.019248065620447
jannis,1,0.6,123,0.005823505111038685,0.008797675371170044,0.014150647446513176,4.051087718743545,0.003102890914306045,0.5625746250152588,2,4.051053838276602
jannis,1,0.6,42,0.005596215836703777,0.008526170626282692,0.014174984768033028,4.021140978886531,0.0033015143126249313,0.5704561471939087,0,4.021112773262928
jannis,0.5,0.6,456,0.011272407695614065,0.017209952475187758,0.028276694496173507,7.587878465652466,0.007762078195810318,0.5927872061729431,2,7.587815995070361
jannis,0.5,0.6,123,0.012029750314967766,0.0182445881783649,0.029524886145061737,7.554087437116182,0.008292492479085922,0.6003105044364929,3,7.554029569958898
jannis,0.5,0.6,42,0.011565535329282284,0.017640896141529083,0.029417645186185837,7.452433219322791,0.008081166073679924,0.5913541913032532,2,7.452381442886321
jannis,0.1,0.6,456,0.05203736945986748,0.07881267368793488,0.12853917479515076,38.064786617572494,0.16111168265342712,0.701815128326416,1,38.06477385527503
jannis,0.1,0.6,123,0.05356163531541824,0.08042016625404358,0.1294696033000946,38.292224590594955,0.17299634218215942,0.7012180685997009,4,38.29221490448078
jannis,0.1,0.6,42,0.05166953429579735,0.07874903827905655,0.13089226186275482,39.167963614830605,0.16214580833911896,0.700740396976471,4,39.167950715531866
jannis,0.01,0.6,456,0.0608653649687767,0.09102627635002136,0.14801548421382904,38.40524512070875,0.271637886762619,0.699068546295166,7,38.405230914455224
jannis,0.01,0.6,123,0.063833087682724,0.09457197785377502,0.15050159394741058,37.78928800729605,0.2659846246242523,0.6940529942512512,7,37.78927898460139
jannis,0.01,0.6,42,0.062134500592947006,0.09366239607334136,0.15442854166030884,37.69449762197641,0.2660646140575409,0.6898733973503113,10,37.69448500152491
jannis,0.001,0.6,456,0.0609310194849968,0.09115419536828996,0.14814116060733795,38.29625188387357,0.2721937298774719,0.6942918300628662,7,38.29623794815976
jannis,0.001,0.6,123,0.06397455886400115,0.09485572520264704,0.15077886110560615,37.91872567396898,0.26548731327056885,0.6946501135826111,6,37.91871068820697
jannis,0.001,0.6,42,0.06212381646037102,0.09360907971858978,0.15425251424312592,37.46191508953388,0.2654237747192383,0.6813948154449463,11,37.461904153760486
jannis,0.0001,0.6,456,0.060990191996097565,0.09128541499376296,0.14829975366592407,38.297831755418045,0.2730569541454315,0.692620038986206,8,38.29782189858724
jannis,0.0001,0.6,123,0.0639610527948899,0.09480688739678932,0.15087591693779073,38.035303409282974,0.26586437225341797,0.6945306658744812,6,38.03529453644841
jannis,0.0001,0.6,42,0.062015000730752945,0.09344074130058289,0.15393833816051483,37.553695091834435,0.26597094535827637,0.6839025616645813,10,37.553677433112746
helena,10,0.5,456,0.000024988317818497308,0.00012313803017605096,0.0010725504253059626,1.0058050096035005,0.000002676278199942317,0.06150306761264801,0,1.0058055356670643
helena,10,0.5,123,0.0000232751826843014,0.00011392643500585108,0.0010252816136926413,1.0404418289661408,0.00004594236452248879,0.06150306761264801,0,1.040442185823102
helena,10,0.5,42,0.00002574587233539205,0.00011682784679578616,0.0010890522971749306,1.0042567074298858,0.0000012205684924992966,0.06150306761264801,0,1.004257074705553
helena,5,0.5,456,0.00004999529846827499,0.00024693660088814795,0.0021457572001963854,1.013026362657547,0.000004284502210794017,0.06150306761264801,0,1.0130269793878273
helena,5,0.5,123,0.000046586905227741227,0.0002278979227412492,0.002050379291176796,1.047784060239792,0.00004824623101740144,0.09831288456916808,1,1.047784551490188
helena,5,0.5,42,0.00005154113645110566,0.00023405187937837864,0.0021785051608024194,1.00543310046196,7.288343226719007e-7,0.06150306761264801,1,1.005433407150257
helena,2,0.5,456,0.00012513606634456664,0.0006183856166899204,0.005373293999582529,1.0191330552101134,0.0000057741131058719475,0.06150306761264801,1,1.019133379627697
helena,2,0.5,123,0.00011685819481499492,0.0005705109797418118,0.005135429557412863,1.0511486053466796,0.00004809869278687984,0.08312883228063583,1,1.051149083054188
helena,2,0.5,42,0.00012914440594613552,0.0005878217052668333,0.005473017226904631,1.0162228167057037,0.000003054288299608743,0.06150306761264801,1,1.016223162180673
helena,1,0.5,456,0.0002516142062111726,0.0012382378774687776,0.010762700922350089,1.0264202177524566,0.000008536102541256696,0.08696319162845612,1,1.0264203000831351
helena,1,0.5,123,0.00023455680639017373,0.0011446496937423944,0.010305184870958328,1.065604990720749,0.00006432832014979795,0.08650306612253189,2,1.065604431900102
helena,1,0.5,42,0.0002589343930594623,0.0011803171364590526,0.010958501137793064,1.0443007409572602,0.00001800678001018241,0.06150306761264801,1,1.0443009411587931
helena,0.5,0.5,456,0.000504662748426199,0.002483994234353304,0.02155316062271595,1.1047259390354156,0.00006985561776673421,0.14969325065612793,1,1.1047263741928737
helena,0.5,0.5,123,0.0004702181904576719,0.0022906686645001173,0.02064286172389984,1.14557825922966,0.00015999737661331892,0.10168711841106416,2,1.1455784744611497
helena,0.5,0.5,42,0.000518936023581773,0.0023617958649992943,0.02200699970126152,1.1338126122951508,0.00008574585081078112,0.13957054913043976,2,1.133812807787217
helena,0.1,0.5,456,0.002613364009022889,0.012939761816637347,0.11182063498663876,1.898652458190918,0.004381025210022926,0.1820552200078964,6,1.898645478538591
helena,0.1,0.5,123,0.0024198899045586586,0.011857259087264538,0.10644853860139848,1.913340973854065,0.005343457218259573,0.17714723944664,4,1.913333293649546
helena,0.1,0.5,42,0.0026684782933443785,0.012185737490653992,0.11335616558790208,1.935441982746124,0.004543161951005459,0.19662576913833615,4,1.935435481637804
helena,0.01,0.5,456,0.01299059297889471,0.070100799202919,0.5461587905883789,4.070607078075409,0.016021234914660454,0.2648772895336151,27,4.070595371914583
helena,0.01,0.5,42,0.013174859806895256,0.06651626527309418,0.5619735717773438,3.591380441188812,0.014252370223402975,0.2592024505138397,27,3.591366873563686
helena,0.01,0.5,123,0.011709044687449932,0.06498810648918152,0.5386132001876831,3.8353917360305783,0.01845289021730423,0.25720858573913574,27,3.835375277109613
helena,0.001,0.5,456,0.02338081595309787,0.1367005838098786,0.996641412761926,4.769216275215149,0.014728181064128876,0.2610429525375366,27,4.769199328627288
helena,0.001,0.5,123,0.0203781146556139,0.12708936631679535,0.9660367965698242,4.755310225486755,0.017644280567765236,0.25276073813438416,27,4.755291428940837
helena,0.001,0.5,42,0.022885190322995182,0.12954851984977722,0.9727460145950316,4.578153085708618,0.01479722186923027,0.25950920581817627,27,4.578137036558568
helena,0.0001,0.5,456,0.02436139757012404,0.14299628501569894,1.0587063118395688,4.901448607444763,0.014290297403931618,0.27024540305137634,27,4.901425458337184
helena,0.0001,0.5,123,0.02276727929711342,0.1412457525730133,1.0822422504425049,4.650895452499389,0.014090828597545624,0.24708588421344757,27,4.650874886131053
helena,0.0001,0.5,42,0.025079183280467987,0.14382843673229218,1.0907950401306152,5.056282353401184,0.017047248780727386,0.2734662592411041,27,5.056242859934125
aloi,10,0.5,456,0.0008637233197480225,0.0016744159093950322,0.003820111049248641,1.5507011991558652,0.0020207269117236137,0.0732407420873642,3,1.550697969856219
aloi,10,0.5,123,0.000873742566909641,0.0016939565539360046,0.003980860114097595,1.831004626823194,0.0028957617469131947,0.18231481313705444,3,1.830992912751919
aloi,10,0.5,42,0.0008219479932449758,0.0016320220893248916,0.0038736348506063223,1.5869883768486257,0.002056153491139412,0.06814815104007721,3,1.5869790216738773
aloi,5,0.5,456,0.0017282053595408795,0.0033560118172317743,0.007642238866537809,1.8825728604287812,0.002932559698820114,0.18333333730697632,4,1.8825638849166573
aloi,5,0.5,123,0.0017495029605925083,0.003391766222193837,0.007968553341925144,2.186958349112309,0.0036924725864082575,0.2752777636051178,4,2.18694520216722
aloi,5,0.5,42,0.0016471847193315623,0.0032686598133295774,0.007755175698548555,2.084832444335475,0.0033611617982387543,0.3020370304584503,3,2.084818149669271
aloi,2,0.5,456,0.004336383659392595,0.008432346396148205,0.01917976513504982,3.1513572678421484,0.005750629585236311,0.40768519043922424,5,3.151331026855884
aloi,2,0.5,123,0.004385542426171693,0.008519726893609724,0.02001685744017944,3.135393041552919,0.0054436977952718735,0.4137963056564331,5,3.1353675650310153
aloi,2,0.5,42,0.004131244495511055,0.00819491595029831,0.01948990486562252,3.2737417221069336,0.005771816708147526,0.4283333420753479,6,3.273713613240143
aloi,1,0.5,456,0.008730174042284489,0.017000513151288033,0.038606882095336914,4.7224413698369805,0.008110817521810532,0.5699074268341064,10,4.72239648944828
aloi,1,0.5,123,0.008831138722598553,0.01715467870235443,0.04026411473751068,4.71577043244333,0.007700279355049133,0.5237036943435669,9,4.715728807571078
aloi,1,0.5,42,0.008305682125981323,0.016490430509822046,0.03920885514066073,4.65656091227676,0.007927135564386845,0.5648148059844971,7,4.656522596266075
aloi,0.5,0.5,456,0.017682548612356186,0.034401942044496536,0.07840122282505035,8.086365338527795,0.012395646423101423,0.6496296525001526,13,8.086299269084504
aloi,0.5,0.5,123,0.01785055175423622,0.034793704748153687,0.08143563568592072,7.530838460633249,0.011222600005567074,0.6272222399711609,14,7.530780530420842
aloi,0.5,0.5,42,0.01686405949294567,0.03347555547952652,0.07970629632472992,7.65328514214718,0.011801782995462418,0.6596296429634094,8,7.653230002536323
aloi,0.1,0.5,456,0.08906970173120499,0.17204387485980988,0.39398419857025146,29.823301373106062,0.05016931891441345,0.8468518257141113,39,29.823235405608777
aloi,0.1,0.5,123,0.08977615236096442,0.17369287536123093,0.4069615055540058,30.97662214799361,0.04902856796979904,0.8462036848068237,31,30.976525975915894
aloi,0.1,0.5,42,0.08534687757492065,0.16951261460781095,0.4035288691520691,32.05689574732925,0.06358262896537781,0.8564814925193787,23,32.05679638607858
aloi,0.01,0.5,456,0.0996403470635414,0.19527356326580048,0.44692182540893555,33.296077439279266,0.13449183106422424,0.8537963032722473,57,33.296039490550505
aloi,0.01,0.5,123,0.09988530725240707,0.19415028393268585,0.4553554356098175,33.734405401981235,0.13891589641571045,0.8531481623649597,56,33.734356136177375
aloi,0.01,0.5,42,0.09432341119780813,0.1894205976488354,0.45480759665762904,33.68128181226326,0.15915529429912567,0.8542592525482178,49,33.681240454300564
aloi,0.001,0.5,456,0.10091301798820496,0.19673225283622744,0.4511841535568238,36.08866616451379,0.18443718552589417,0.8526852130889893,56,36.08862479634047
aloi,0.001,0.5,123,0.100510872900486,0.1951994746923447,0.4599418342113495,35.74208323160807,0.16214486956596377,0.8531481623649597,53,35.742037126290285
aloi,0.001,0.5,42,0.09618407487869264,0.1920980364084244,0.46229222416877747,36.28577827684807,0.19299565255641937,0.8455555438995361,49,36.28574972394264
aloi,0.0001,0.5,456,0.10071117430925368,0.19699662923812863,0.45047739148139954,35.54502452503551,0.18845407664775848,0.8451851606369019,54,35.54500177053196
aloi,0.0001,0.5,123,0.10035210102796556,0.1942867785692215,0.4578239917755127,35.64466291485411,0.16899946331977844,0.8542592525482178,57,35.64460561193586
aloi,0.0001,0.5,42,0.09666471928358078,0.1926639974117279,0.4615347385406494,35.31603090690844,0.18783992528915405,0.8416666388511658,47,35.316002710207336
jannis,10,0.5,456,0.0005944296739511239,0.000891183180649036,0.0014718796835874535,1.3270357847213743,0.00024872273206710815,0.45999521017074585,0,1.327033541147342
jannis,10,0.5,123,0.000619433936662972,0.000918108969926834,0.001482278574258089,1.4768719627307012,0.0003240215010009706,0.4752806425094605,0,1.4768675797158943
jannis,10,0.5,42,0.0006037240964360535,0.000914994510821998,0.0015065036714076996,1.2172009348869324,0.000138766088639386,0.5019106864929199,0,1.2172000590787295
jannis,5,0.5,456,0.0011939808297509904,0.0017884463315343412,0.00295759757155001,1.6374504703741808,0.00033347809221595526,0.4660854935646057,0,1.6374433027914077
jannis,5,0.5,123,0.0012425238965079188,0.0018429235788062217,0.0029757192824035883,1.7806458106407752,0.0003651175939012319,0.48328158259391785,0,1.7806378422911862
jannis,5,0.5,42,0.0012128467205911877,0.001836972776800394,0.0030257184989750385,1.474047239010151,0.0002279190521221608,0.5121805667877197,1,1.4740438347531928
jannis,2,0.5,456,0.0030152667313814163,0.004524164367467165,0.007497377693653107,2.682531531040485,0.000881363230291754,0.4848340153694153,0,2.68251140426219
jannis,2,0.5,123,0.0031430937815457582,0.004670809954404831,0.007547936402261257,2.663097179852999,0.0008982729632407427,0.548363983631134,1,2.663079479499369
jannis,2,0.5,42,0.003068787744268775,0.0046547953970730305,0.007656900212168693,2.4874434287731466,0.0007957897032611072,0.5274659395217896,0,2.4874354179890044
jannis,1,0.5,456,0.006138010875188404,0.009213140023852704,0.015283034142641996,4.506579985985389,0.00191991007886827,0.547886312007904,1,4.506542431523882
jannis,1,0.5,123,0.006419411860406399,0.009538711048662664,0.015471113845705986,4.500071378854605,0.001980685628950596,0.5650823712348938,2,4.5000360818223175
jannis,1,0.5,42,0.006257148925215006,0.009505433030426502,0.015638981014490128,4.490446787614089,0.0022884858772158623,0.5660377144813538,2,4.490414322243432
jannis,0.5,0.5,456,0.012568963691592216,0.01891656219959259,0.031364742666482925,8.186559603764461,0.004549635574221611,0.595653235912323,1,8.18650738148573
jannis,0.5,0.5,123,0.013262547552585602,0.019851025193929672,0.0322599783539772,8.161571979522705,0.005005091428756714,0.598877489566803,3,8.161515652069362
jannis,0.5,0.5,42,0.01289544440805912,0.019688621163368225,0.03251319378614426,7.966352939605713,0.005163626745343208,0.5894435048103333,2,7.966301509468158
jannis,0.1,0.5,456,0.056974925100803375,0.08512232452630997,0.13968569040298462,38.21108539287861,0.11233687400817872,0.701337456703186,2,38.21107056450975
jannis,0.1,0.5,123,0.05794716169728768,0.0860310818200966,0.13863475395208794,38.029083251953125,0.11059834063053132,0.700262725353241,2,38.029069495879995
jannis,0.1,0.5,42,0.05674555152654648,0.08593085408210754,0.14115290343761444,38.66786399254432,0.11299380660057068,0.698352038860321,5,38.66784966363575
jannis,0.01,0.5,456,0.06413732469081879,0.09592234343290328,0.15688848495483398,38.56808324960562,0.1986240446567535,0.701815128326416,4,38.568067865102826
jannis,0.01,0.5,123,0.0663322894904264,0.09879504752626232,0.15777333887049833,38.103568443885216,0.18806076049804688,0.6942918300628662,4,38.10355296288969
jannis,0.01,0.5,42,0.06588727235794067,0.09937915205955504,0.16299016773700714,37.82410695002629,0.2014012336730957,0.6790064573287964,8,37.82409113146388
jannis,0.001,0.5,456,0.06437905877828598,0.0964241549372673,0.15781518816947937,38.45235237708459,0.1975136697292328,0.696321964263916,6,38.45233575459008
jannis,0.001,0.5,123,0.06642524898052216,0.09884801506996156,0.15804216265678406,38.24345911466158,0.19153143465518951,0.6899928450584412,3,38.24343879349737
jannis,0.0001,0.5,456,0.06443019956350327,0.09647077322006226,0.15780538320541382,38.409808085514946,0.19930146634578705,0.6945306658744812,5,38.409790909778415
jannis,0.001,0.5,42,0.06595785915851593,0.09946919232606888,0.16301408410072327,37.670537801889274,0.19673073291778564,0.6782899498939514,9,37.670521386306426
jannis,0.0001,0.5,123,0.06653556227684021,0.09894389659166336,0.1584124118089676,38.54019399789664,0.2006855607032776,0.6917840838432312,4,38.54017894866028
jannis,0.0001,0.5,42,0.06591983201206345,0.09950438821069844,0.16306890119711,37.751282912034256,0.20014068484306335,0.6817530393600464,9,37.751266350394765
helena,10,0.4,456,0.00002115997631335631,0.00010568431025603786,0.0009094458073377608,1.0033050537109376,0.00001302248074352974,0.06150306761264801,0,1.0033054979563825
helena,10,0.4,123,0.000019740800780709833,0.00009847648470895364,0.000867552706040442,1.0160668969154358,0.000020280189346522093,0.06150306761264801,0,1.016067167668369
helena,10,0.4,42,0.000022354040993377566,0.00010090206342283636,0.0009252817835658788,1.0038269579410553,7.845846425880154e-7,0.06150306761264801,0,1.0038271996142132
helena,5,0.4,456,0.000042353647586423904,0.000211827180464752,0.0018192011630162597,1.009340626001358,0.000001694954789854819,0.06150306761264801,0,1.0093411234544325
helena,5,0.4,123,0.00003952486535333503,0.00019708796471299328,0.0017355740647018148,1.0442288637161254,0.00003294662747066468,0.06150306761264801,1,1.0442293105619405
helena,5,0.4,42,0.00004474099478102289,0.00020207259512972087,0.0018512115348130465,1.0048847258090974,4.309287362502801e-7,0.06150306761264801,1,1.0048851061163977
helena,2,0.4,456,0.00010611586185405032,0.0005317354807630181,0.0045585716143250465,1.0263371348381043,0.000008608934876974672,0.06150306761264801,1,1.026337564865238
helena,2,0.4,123,0.00009901949670165776,0.0004939624341204762,0.004350160248577595,1.062774479389191,0.00006196949107106775,0.10153374075889587,1,1.062774536966434
helena,2,0.4,42,0.00011222123430343343,0.0005063813296146691,0.004635042976588011,1.025450974702835,0.000007308094609470572,0.06150306761264801,1,1.0254513853659946
helena,1,0.4,456,0.00021280115470290184,0.0010665528243407607,0.009143130853772163,1.065641611814499,0.00003363624637131579,0.12638036906719208,2,1.0656418359182436
helena,1,0.4,123,0.0001987874754542895,0.0009906878402678662,0.008716900854222458,1.082232916355133,0.00008770113345235586,0.09892638027668,1,1.0822324012736153
helena,1,0.4,42,0.0002251874975627288,0.0010140284430235624,0.009280890226364136,1.051670455932617,0.000022613563487539068,0.06150306761264801,1,1.0516709344888713
helena,0.5,0.4,456,0.0004261185822542757,0.002138383686542511,0.018323136493563652,1.1135451018810272,0.00008196668932214379,0.14769938588142395,2,1.1135454666311744
helena,0.5,0.4,123,0.0003981203772127628,0.001987685915082693,0.017508847638964653,1.1669889748096467,0.00019303396402392536,0.10107362270355225,2,1.166989074029502
helena,0.5,0.4,42,0.0004521421776317972,0.0020342674890243937,0.018680826882275858,1.171088600158691,0.00014197235577739775,0.1311349719762802,2,1.1710885419222283
helena,0.1,0.4,456,0.0021921670995652676,0.011066689155995846,0.0947183072566986,1.755137711763382,0.0028715510852634907,0.17453987896442413,4,1.7551323057006254
helena,0.1,0.4,123,0.0020499061793088913,0.01022275909781456,0.09037984907627106,1.684760469198227,0.003028560196980834,0.16273006796836853,8,1.68475452181403
helena,0.1,0.4,42,0.00231513031758368,0.01041551772505045,0.09584783017635344,1.6939310431480408,0.0029192385263741016,0.17699386179447174,5,1.693926676310029
helena,0.01,0.4,456,0.012085122056305408,0.06645512580871582,0.520100474357605,3.265198814868927,0.00867457501590252,0.2437116503715515,27,3.2651926723596687
helena,0.01,0.4,123,0.01123496238142252,0.06253862380981445,0.517281711101532,3.3471606254577635,0.01150440238416195,0.24601227045059204,27,3.3471436858280095
helena,0.01,0.4,42,0.012860018759965897,0.0627673864364624,0.5392704010009766,2.919912838935852,0.007802307605743408,0.24723926186561584,26,2.919896629421942
helena,0.001,0.4,456,0.026120941586806216,0.1526595220886736,1.1205860714241975,4.49380407333374,0.009937811642885208,0.2441717833280563,27,4.493790380211346
helena,0.001,0.4,123,0.022467078641057014,0.13858027756214142,1.053363561630249,4.312073183059693,0.010311271995306017,0.23435582220554352,27,4.312054641741965
helena,0.001,0.4,42,0.02556636407844672,0.1412100633269541,1.08472901884131,4.026890087127685,0.00921008363366127,0.24953988194465637,27,4.026876085499432
helena,0.0001,0.4,456,0.0253505425946014,0.14797243045129518,1.088713034615575,4.404224133491516,0.010194752365350723,0.24049079418182373,27,4.404203359759811
helena,0.0001,0.4,123,0.023720648139715195,0.1456434726715088,1.1179096698760986,4.358359861373901,0.01040094532072544,0.23052147030830383,27,4.358322190230717
helena,0.0001,0.4,42,0.027521826326847076,0.1562614142894745,1.1903724670410156,4.856283044815063,0.012852420099079607,0.2513803541660309,27,4.856237306702609
aloi,10,0.4,456,0.0007848487584851682,0.0015229088021442294,0.003559389617294073,1.565814289179715,0.002101208781823516,0.049074072390794754,4,1.5658108246574398
aloi,10,0.4,123,0.0007886810344643891,0.0014926847070455551,0.0036167921498417854,1.893706899700743,0.0035103471018373966,0.1789814829826355,3,1.8936950120208205
aloi,5,0.4,456,0.0015722140669822693,0.003049568273127079,0.007134563289582729,2.031019095218543,0.003440657863393426,0.2244444489479065,5,2.0310091719496413
aloi,10,0.4,42,0.0007452112040482461,0.0015434403903782368,0.003656943095847964,1.669381026065711,0.002398582873865962,0.06870370358228683,4,1.6693705588869705
aloi,5,0.4,123,0.0015788470912733409,0.002990894618585516,0.007247116456948971,2.3003868839957495,0.005032068118453026,0.28861111402511597,4,2.300370998546555
aloi,5,0.4,42,0.001492378651164472,0.0030897154938429594,0.007324330043047667,2.2015514518275405,0.003912963904440403,0.28324073553085327,4,2.2015364574462724
aloi,2,0.4,456,0.003938557580113411,0.007655953522771597,0.017895406112074852,3.2328934741742685,0.006677631754428148,0.4508333206176758,8,3.232863643783361
aloi,2,0.4,123,0.003964515868574381,0.007498651277273893,0.01818687655031681,3.2916779734871606,0.007836870849132538,0.4236111044883728,6,3.2916517966647016
aloi,2,0.4,42,0.0037474320270121098,0.007749082054942846,0.018374232575297356,3.472443154363922,0.008100740611553192,0.4744444489479065,7,3.472412762419097
aloi,1,0.4,456,0.007920545607533466,0.015425511203931042,0.036069643090649826,4.689655101660526,0.009211543016135693,0.5373148322105408,9,4.689608969762123
aloi,1,0.4,123,0.007974871434271336,0.01510867290198803,0.03664220869541168,4.905208775491426,0.011169763281941414,0.5735185146331787,8,4.905166243092665
aloi,1,0.4,42,0.007543107960373163,0.015597213990986347,0.036954063922166824,4.9597828315966055,0.011966858059167862,0.5822222232818604,10,4.959743814812154
aloi,0.5,0.4,456,0.016056085005402565,0.031283359974622726,0.07325020432472229,7.68335992639715,0.014402104541659355,0.6291666626930237,15,7.683302856432395
aloi,0.5,0.4,123,0.016125639900565147,0.030650507658720016,0.07413391768932343,7.332851352113666,0.014314333908259869,0.6118518710136414,12,7.332800171007099
aloi,0.5,0.4,42,0.015279158130302103,0.031722930327165264,0.07534597851274287,7.460586360006621,0.016948504373431206,0.6717592477798462,13,7.460537481560884
aloi,0.1,0.4,456,0.085611492395401,0.16786186397075653,0.3922854959964752,20.816010388461027,0.039749473333358765,0.7505555748939514,33,20.81593658266766
aloi,0.1,0.4,123,0.08684457838535309,0.16500961780548096,0.39896026253700256,20.234359741210938,0.03539792448282242,0.7436110973358154,30,20.234288968884073
aloi,0.1,0.4,42,0.0812348872423172,0.1696150153875351,0.4025926887989044,21.206251202207625,0.06110673397779465,0.7712036967277527,41,21.206168023203368
aloi,0.01,0.4,456,0.11021053791046144,0.22188112139701843,0.520858645439148,23.382375139178652,0.14900189638137817,0.7946296334266663,57,23.38230794492975
aloi,0.01,0.4,123,0.11078175902366638,0.21492576599121097,0.5187119245529175,24.5936455004143,0.1506461203098297,0.8110185265541077,55,24.59360562256802
aloi,0.01,0.4,42,0.10589367151260376,0.2236797660589218,0.528071403503418,24.2185115814209,0.1523204743862152,0.8025000095367432,58,24.21848079104309
aloi,0.001,0.4,456,0.10667946148566246,0.21693752906070007,0.5096189550144268,22.90963433005593,0.1582171618938446,0.7848148345947266,60,22.909573502155546
aloi,0.001,0.4,123,0.10816988348960876,0.2115723192691803,0.511729896068573,24.433430642792672,0.16474291682243347,0.8029629588127136,57,24.433388977304343
aloi,0.001,0.4,42,0.10449384152889252,0.22192253172397616,0.5261961221694946,24.196538404984903,0.17002993822097778,0.7865740656852722,62,24.196480734799884
aloi,0.0001,0.4,456,0.10767856240272522,0.21931836009025577,0.5148451328277588,24.421175812229965,0.16432522237300873,0.8037962913513184,60,24.421132230410453
aloi,0.0001,0.4,123,0.10817734152078629,0.2115071713924408,0.5116707682609558,24.43997232841723,0.16899287700653076,0.8008333444595337,53,24.439938045316087
aloi,0.0001,0.4,42,0.10346663569709476,0.22013736930692543,0.521543171148149,24.571612386992484,0.17419306933879852,0.8005555272102356,61,24.57156042439047
jannis,10,0.4,456,0.0005059441900812089,0.0007480449276044965,0.001218369696289301,1.4005734691253076,0.00040138946496881545,0.45999521017074585,1,1.4005701792733138
jannis,10,0.4,123,0.0005164004396647215,0.0007805757340975106,0.0012633667793124914,1.5472827370350175,0.0005498196696862578,0.47790780663490295,2,1.547277673227458
jannis,10,0.4,42,0.0005093301879242063,0.000772939994931221,0.0012829083716496823,1.248206106516031,0.00020730594405904412,0.5047767162322998,1,1.2482036902223568
jannis,5,0.4,456,0.0010154542978852987,0.001503171632066369,0.0024477248080074787,1.7850372928839464,0.000608893227763474,0.47014570236206055,4,1.7850306121900807
jannis,5,0.4,123,0.0010368544608354568,0.0015683777164667845,0.002537128981202841,1.9294665639217083,0.0006912675453349948,0.49617865681648254,1,1.9294592366411305
jannis,5,0.4,42,0.001022753599842841,0.0015539964817972872,0.0025784984734309613,1.5790442686814528,0.0004082020604982972,0.5150465965270996,4,1.579040432305558
jannis,2,0.4,456,0.0025656968355178833,0.0038027511909604073,0.006199103780090809,3.0658917335363536,0.0017443051328882575,0.4871029257774353,1,3.0658683427078866
jannis,2,0.4,123,0.002621886320412159,0.003971581347286701,0.006425030995160341,3.005726456642151,0.0018084484618157148,0.553857147693634,4,3.0057075730261555
jannis,2,0.4,42,0.002587535185739398,0.00393420597538352,0.006539805792272091,2.8484400510787964,0.001646536635234952,0.5349892377853394,3,2.848426853227904
jannis,1,0.4,456,0.005216602236032486,0.00772912660613656,0.012633639387786388,5.212599772673387,0.0041675083339214325,0.542393147945404,14,5.21255922715047
jannis,1,0.4,123,0.005344261735248402,0.008110307167586064,0.01318016096396122,5.13109434567965,0.004207923077046871,0.5657988786697388,9,5.131056211053335
jannis,1,0.4,42,0.005256148986518383,0.008020206354558468,0.01334527600556612,5.180583477020264,0.0045977188274264336,0.5604251027107239,9,5.180557170047416
jannis,0.5,0.4,456,0.010680069215595722,0.015870898962020874,0.025968197733163834,9.155776500701904,0.00980096124112606,0.5900406241416931,20,9.15572947717972
jannis,0.5,0.4,123,0.011031857691705229,0.016843920573592186,0.027380291372537613,8.978474653684176,0.01032787561416626,0.601624071598053,9,8.978419140130802
jannis,0.5,0.4,42,0.01083314698189497,0.01659659668803215,0.027677955105900764,8.831483840942383,0.0103394640609622,0.5898017883300781,9,8.831420242515229
jannis,0.1,0.4,456,0.05514541268348694,0.08230849355459213,0.13515615463256836,24.148642980135403,0.04972038418054581,0.6505851149559021,12,24.14860380193812
jannis,0.1,0.4,123,0.05565734580159187,0.08543873578310013,0.13972948491573334,26.12183233407827,0.06494639813899994,0.6664676666259766,4,26.121781032031475
jannis,0.1,0.4,42,0.055276518577566616,0.08472239757722244,0.1416223250993444,25.03940648298997,0.05616265535354614,0.652256965637207,3,25.03935651107612
jannis,0.01,0.4,456,0.06800532341003418,0.10136139392852785,0.16553862392902374,42.27829331618089,0.5895269513130188,0.6948889493942261,46,42.27826956409966
jannis,0.01,0.4,123,0.06896957010030746,0.10502772033214568,0.1703873574733734,41.770166690532974,0.5665120482444763,0.7082636952400208,11,41.77014739504728
jannis,0.01,0.4,42,0.06903631117183878,0.10509083533330386,0.1745492921054661,42.15294339106633,0.6033324599266052,0.6962025165557861,12,42.15292036666691
jannis,0.001,0.4,456,0.06813286244869232,0.10156144946813583,0.16572900116443634,42.302530141977165,0.5962695479393005,0.698590874671936,45,42.30250826153026
jannis,0.001,0.4,123,0.06915557384490967,0.1053738296031952,0.1706283688545227,41.6597356062669,0.566185474395752,0.699546217918396,15,41.65971247003397
jannis,0.001,0.4,42,0.06928028911352158,0.10557520389556883,0.17525850236415863,42.318539692805366,0.6035880446434021,0.692620038986206,14,42.31851403066605
jannis,0.0001,0.4,456,0.06815233081579208,0.10169694572687148,0.16594098508358002,42.21405029296875,0.5909861326217651,0.7001432776451111,48,42.21402147440336
jannis,0.0001,0.4,123,0.06916256994009018,0.10542699694633484,0.1707211434841156,41.61123143709623,0.5654588937759399,0.7036064267158508,16,41.61121555946371
jannis,0.0001,0.4,42,0.06912427395582199,0.10536441951990128,0.17488691210746765,42.45369471036471,0.6130191087722778,0.701098620891571,15,42.45366967732786
helena,10,0.3,456,0.000019050328017531352,0.00009719141871636912,0.0008188700147186042,1.0024791598320006,2.6929831165034557e-7,0.06150306761264801,1,1.0024795323680569
helena,10,0.3,123,0.000018014188754023053,0.00009119776950683443,0.0007903982186689973,1.013126266002655,0.00001784613232302945,0.06150306761264801,0,1.0131264467049754
helena,10,0.3,42,0.00002042037158389576,0.00009077152935788035,0.0008484062273055315,1.0029700160026551,2.774433767172013e-7,0.06150306761264801,1,1.002970248729937
helena,5,0.3,456,0.0000381133213522844,0.00019445641373749825,0.0016383160836994648,1.0068905711174012,7.047985945973778e-7,0.06150306761264801,1,1.0068910935494666
helena,5,0.3,123,0.000036060449929209426,0.00018261544755659995,0.0015827028546482325,1.0502376914024354,0.00003553290662239306,0.08696319162845612,0,1.050237847185238
helena,5,0.3,42,0.00004087482375325635,0.00018187661771662533,0.001700025051832199,1.0038375496864318,1.5940958064675217e-7,0.06150306761264801,1,1.003837835702856
helena,2,0.3,456,0.0000956320291152224,0.00048660184256732464,0.004103278741240501,1.0386913418769836,0.00001735918158374261,0.09723926335573196,2,1.0386916227110556
helena,2,0.3,123,0.00009036153588977296,0.0004576298467866976,0.003966216247740279,1.078874510526657,0.00008804273966234177,0.10460122674703598,1,1.0788750002950738
helena,2,0.3,42,0.00010264964657835662,0.00045678814058192074,0.00426094327121973,1.0202634394168857,0.000003428443960729055,0.06150306761264801,1,1.0202637338460565
helena,1,0.3,456,0.0001922301307786256,0.0009757790830917656,0.008235770277678967,1.061225026845932,0.00004070880095241591,0.07561349868774414,0,1.061224811441985
helena,1,0.3,123,0.00018209882855604604,0.0009181498638042414,0.007953835499786425,1.1252250730991364,0.0001347933430224657,0.1044478490948677,1,1.1252246779295287
helena,1,0.3,42,0.00020605944155249745,0.0009154766448773444,0.008549302816390991,1.0912133693695067,0.0000477719513582997,0.10858895629644394,2,1.0912137177696588
helena,0.5,0.3,456,0.0003846178005915135,0.001954746199771762,0.016479680314660072,1.1150233566761016,0.00008983950829133391,0.11579754203557968,2,1.115023595666926
helena,0.5,0.3,123,0.0003637622285168618,0.0018397797830402851,0.01598934270441532,1.1956575214862823,0.00022694874496664852,0.10092024505138396,3,1.1956538547508786
helena,0.5,0.3,42,0.0004133358597755432,0.0018359522800892591,0.017193162813782692,1.1887239575386048,0.000160178606165573,0.14570552110671997,3,1.1887241073303645
helena,0.1,0.3,123,0.0018711795564740896,0.009465041570365427,0.08194787800312042,1.6042751371860504,0.0022191216703504324,0.16518405079841614,6,1.6042697185800083
helena,0.1,0.3,456,0.0019872935954481363,0.010090497322380544,0.08506681025028229,1.6343663394451142,0.0019964647945016623,0.16319018602371216,6,1.6343598318647907
helena,0.1,0.3,42,0.002113714814186096,0.00938552152365446,0.08717567473649979,1.6130716800689695,0.002603673841804266,0.17131902277469635,7,1.6130687982825027
helena,0.01,0.3,456,0.012002947833748176,0.06548043999449019,0.5171052744378458,3.2039661765098573,0.009935768321156502,0.2437116503715515,27,3.203958215912672
helena,0.01,0.3,123,0.0110587440431118,0.061045918613672256,0.4976670145988464,3.1501964569091796,0.01116936095058918,0.2346625775098801,26,3.150182266452231
helena,0.01,0.3,42,0.012586666271090508,0.06009158864617348,0.5245858430862427,2.85150603055954,0.00837407261133194,0.23665644228458405,26,2.8514930728567887
helena,0.001,0.3,456,0.027286478259956528,0.1586284790932108,1.1846604502005005,4.351015830039978,0.009253723546862602,0.23588956892490387,27,4.35100750769117
helena,0.001,0.3,123,0.023671068251132965,0.14458142220973969,1.110978364944458,4.594653511047364,0.010875245556235312,0.2357361912727356,27,4.594617280741559
helena,0.001,0.3,42,0.028627127408981323,0.15497799217700958,1.2127830982208252,3.956929802894592,0.00903245247900486,0.2417177855968475,27,3.9569131405239135
helena,0.0001,0.3,456,0.029030978238469902,0.17013236614166335,1.2624510852957056,4.556987380981445,0.009355072863399982,0.24969324469566345,27,4.5569690150734905
helena,0.0001,0.3,123,0.026627883315086365,0.16527585685253143,1.271130919456482,4.48170759677887,0.0098506398499012,0.2381901890039444,27,4.48166617180153
helena,0.0001,0.3,42,0.028563661500811577,0.1574012041091919,1.2321898937225342,5.00618839263916,0.01145893521606922,0.25460124015808105,27,5.0061398644009305
aloi,10,0.3,456,0.0006978817982599139,0.0013642169069498775,0.00323555083014071,1.5760913184194854,0.0021998127922415733,0.05305555462837219,3,1.5760880242226638
aloi,10,0.3,123,0.0007263493025675416,0.001375257270410657,0.0033174834679812193,2.0156984834960014,0.004427194129675627,0.16833333671092987,4,2.0156858015761028
aloi,10,0.3,42,0.0006881239878381138,0.0013837698253650163,0.0032876365729773765,1.7667271946415757,0.0026976654771715403,0.12916666269302368,4,1.7667174680104716
aloi,5,0.3,456,0.0013986161211505532,0.002730607520788908,0.006480357144027948,2.1018176945773037,0.003957884386181831,0.22435185313224792,5,2.1018077635411783
aloi,5,0.3,123,0.0014550387859344482,0.0027566554490476847,0.006649780552834272,2.444317774339156,0.006864222697913647,0.2961111068725586,5,2.444301277341716
aloi,5,0.3,42,0.001377356704324484,0.00277061783708632,0.0065812477841973305,2.267424605109475,0.0043828459456563,0.2824999988079071,5,2.2674100958683767
aloi,2,0.3,123,0.0036529283970594406,0.00693137850612402,0.016720322892069817,3.5060603618621826,0.010319074615836143,0.4795370399951935,8,3.506031152857002
aloi,2,0.3,456,0.0035062937531620264,0.006853081285953522,0.016266129910945892,3.333216493779963,0.008217521011829376,0.4541666805744171,9,3.3331888777401475
aloi,2,0.3,42,0.0034552976319953983,0.0069491675673082854,0.016513127754278187,3.643962744510535,0.008490139618515968,0.5286111235618591,9,3.643932625088664
aloi,1,0.3,456,0.0070626758970320225,0.013806620612740517,0.03272102773189545,4.82111610065807,0.011442355811595917,0.5574073791503906,14,4.821073849697182
aloi,1,0.3,123,0.0073548429645597935,0.01396305114030838,0.033728521317243576,5.055879173856793,0.014279093593358994,0.5893518328666687,10,5.055840767289385
aloi,1,0.3,42,0.006961329374462366,0.013996947556734083,0.033296771347522736,5.2596969459996075,0.012765318155288696,0.6162962913513184,12,5.259659224030657
aloi,0.5,0.3,456,0.014323989169228129,0.02801931205193272,0.06649806019143843,7.467842448841441,0.01605820655822754,0.6326851844787598,18,7.467792039645251
aloi,0.5,0.3,123,0.014876973815262318,0.02827693521976471,0.0685732364654541,7.570420279647365,0.01840579509735107,0.6471296548843384,14,7.5703646951349715
aloi,0.5,0.3,42,0.014245545491576196,0.02854141406714916,0.06812755018472672,7.552437348799272,0.017504552379250526,0.6769444346427917,24,7.552394866960712
aloi,0.1,0.3,456,0.08025332540273666,0.158931165933609,0.3765306174755096,14.241658181855172,0.01869496703147888,0.6567592620849609,52,14.241582875065642
aloi,0.1,0.3,123,0.08317261934280396,0.15855588018894196,0.38338756561279297,14.006419933203494,0.017517313361167908,0.6233333349227905,33,14.006311635799468
aloi,0.1,0.3,42,0.07900257408618927,0.16043205559253693,0.3827791213989258,14.65517688520027,0.02362377569079399,0.6604629755020142,55,14.65505579248509
aloi,0.01,0.3,456,0.13252705335617063,0.27585840225219727,0.6623350977897644,20.890130418719668,0.07434229552745819,0.7258333563804626,64,20.890074410700905
aloi,0.01,0.3,123,0.1363430619239807,0.27524247765541077,0.6687926650047302,22.08203633626302,0.0964781641960144,0.7609259486198425,60,22.08198189694929
aloi,0.01,0.3,42,0.12976413825399255,0.2784816991821862,0.6632013239737474,22.071765437270656,0.10369911789894104,0.7425925731658936,63,22.071696745095444
aloi,0.001,0.3,456,0.13045239448547363,0.2726449966430664,0.6556885838508606,20.969479474154387,0.09262804687023164,0.7458333373069763,63,20.969441208183135
aloi,0.001,0.3,123,0.13548021018505096,0.2745082378387451,0.6646282076835632,22.01065173293605,0.09895004332065582,0.7400000095367432,62,22.010613680913767
aloi,0.001,0.3,42,0.12707558274269104,0.27416491508483887,0.6557866334915161,21.66810047265255,0.10150673985481262,0.744259238243103,64,21.66805614756457
aloi,0.0001,0.3,456,0.13019985828345,0.27310287960967033,0.6557454129629237,21.258187611897785,0.10423403978347778,0.7506481409072876,64,21.258146345638355
aloi,0.0001,0.3,123,0.1354486495256424,0.2746252417564392,0.6667450666427612,22.390944683190547,0.1118827387690544,0.7558333277702332,59,22.39091795715959
aloi,0.0001,0.3,42,0.12866279482841492,0.27802762389183044,0.6630415916442871,22.232281424782492,0.10487352311611176,0.7470370531082153,64,22.232237397940576
jannis,10,0.3,456,0.00043752690544351935,0.0006696248310618103,0.0011022521648555994,1.4528903915331914,0.000495433690957725,0.45999521017074585,0,1.4528878340164582
jannis,10,0.3,123,0.0004627455782610923,0.0006989646353758872,0.0011284236097708344,1.6098993053803077,0.0007693956722505391,0.48113206028938293,3,1.6098954930799452
jannis,10,0.3,42,0.00045046338345855474,0.0006816127570345998,0.0011365957325324416,1.2926698143665607,0.0002770322607830167,0.5083591938018799,1,1.2926671946461863
jannis,5,0.3,456,0.0008781556378636884,0.0013453222894241855,0.0022122589727299018,1.9169062467721791,0.0007935762405395508,0.47002628445625305,5,1.9168964024615984
jannis,5,0.3,123,0.0009295870549976826,0.0014039051020517943,0.002264589536935091,2.0953128246160655,0.0009801199194043877,0.5005970597267151,6,2.09530382035365
jannis,5,0.3,42,0.0009036859846673906,0.0013690764317288997,0.002284419257193804,1.7086060276398292,0.0005644010379910469,0.5158824920654297,4,1.708599883766168
jannis,2,0.3,456,0.002218198496848345,0.0034011572133749723,0.005599805153906345,3.4757269620895386,0.002501085167750716,0.4908048808574677,9,3.475705206723052
jannis,2,0.3,123,0.0023479140363633633,0.003553623566403985,0.005743837915360928,3.391567972990183,0.0026170266792178154,0.5591115355491638,7,3.3915439529322744
jannis,2,0.3,42,0.0022829840105535603,0.0034667286508339055,0.005785602934872209,3.275900363922119,0.002306337468326092,0.5459756255149841,8,3.275887310468858
jannis,1,0.3,456,0.004509342834353447,0.006914678029716015,0.011406881734728811,5.989290952682495,0.006129273679107428,0.5410795211791992,15,5.989256366231957
jannis,1,0.3,42,0.004635412245988846,0.007059159688651562,0.011793790385127068,5.965624735905574,0.006179310381412506,0.5623357892036438,16,5.965599817671424
jannis,1,0.3,123,0.004792850464582443,0.007254376541823149,0.011760534718632698,5.7830200378711405,0.006142931059002876,0.5661571621894836,13,5.782981155801811
jannis,0.5,0.3,456,0.00923559907823801,0.014192800968885422,0.02346152998507023,10.286907526162954,0.014179125428199768,0.5878911018371582,21,10.286845763986957
jannis,0.5,0.3,123,0.009881267324090004,0.015039831399917604,0.024381453171372417,9.901868930229774,0.014404652640223505,0.6005493402481079,20,9.901820355249102
jannis,0.5,0.3,42,0.009540161820466415,0.014582788128946754,0.02444050785980912,9.879204163184532,0.013690192252397535,0.5895629525184631,22,9.879155554522116
jannis,0.1,0.3,456,0.050628162920475006,0.07894599437713623,0.1315329223871231,20.519496771005485,0.03382834792137146,0.6341055631637573,30,20.519447544279963
jannis,0.1,0.3,123,0.05384261533617973,0.08297957479953766,0.13633352518081665,21.94704510615422,0.04017036408185959,0.6473608613014221,5,21.946976050216673
jannis,0.1,0.3,42,0.0519147552549839,0.08067097514867783,0.13645054399967194,21.5169614645151,0.03610324114561081,0.6306424736976624,37,21.51691285085642
jannis,0.01,0.3,456,0.07338610291481018,0.11354612559080124,0.18573451042175293,44.5234558398907,0.6370455026626587,0.7053976655006409,32,44.52342822519931
jannis,0.01,0.3,123,0.0784010481743556,0.12003442498220676,0.19413519523140335,43.06103163499098,0.5490922927856445,0.705994725227356,52,43.06101975174617
jannis,0.01,0.3,42,0.08262234926223755,0.1271207332611084,0.2126982808113098,39.08337637094351,0.28822195529937744,0.695844292640686,54,39.08335222045717
jannis,0.001,0.3,456,0.07350162416696548,0.11375188827514648,0.18605689704418185,44.784470338087814,0.6262891292572021,0.7031287550926208,37,44.78443799689866
jannis,0.001,0.3,123,0.07821024954319,0.11974333226680756,0.1935979276895523,43.25454301100511,0.5628801584243774,0.7090995907783508,48,43.25451498796562
jannis,0.001,0.3,42,0.08589950948953629,0.1327962428331375,0.22245407104492188,36.58579797011156,0.1777724027633667,0.6944112777709961,54,36.58577241970974
jannis,0.0001,0.3,456,0.07350479991978037,0.11379888378168318,0.18620384906750856,44.77477807265062,0.6231907606124878,0.701576292514801,37,44.77474325052789
jannis,0.0001,0.3,123,0.07926049828529358,0.1212991327047348,0.1959754079580307,42.50805590702937,0.5073818564414978,0.705755889415741,52,42.50804531506341
jannis,0.0001,0.3,42,0.0857398733496666,0.1324445903301239,0.22192128002643585,36.80342131394606,0.18244494497776031,0.6954860091209412,54,36.803402968719496
helena,10,0.2,456,0.00001682098809396848,0.00008562322182115167,0.0007247089524753392,1.0017959833145142,0.000006739544005540665,0.06150306761264801,1,1.0017963944594683
helena,10,0.2,123,0.000015754478226881474,0.00008108159090625122,0.000720081792678684,1.0555657207965852,0.00005972338476567529,0.10674846917390823,0,1.0555656152787771
helena,10,0.2,42,0.00001805804822652135,0.00008047297160374,0.0007451049750670791,1.002860188484192,0.000026308358428650536,0.06150306761264801,1,1.0028604905750529
helena,5,0.2,456,0.000033714135497575626,0.0001717396080493927,0.0014516394585371015,1.0071156322956083,5.959184363746317e-7,0.06150306761264801,1,1.0071160563511143
helena,5,0.2,123,0.000031530228308135165,0.00016227554040104162,0.0014416112823541097,1.1140342235565186,0.00019953271839767697,0.10889570415019988,0,1.114033589521793
helena,5,0.2,42,0.000036143774195807055,0.00016114294703584164,0.0014929386088624597,1.003105062246323,6.6901762352245e-8,0.06150306761264801,1,1.0031053458920016
helena,2,0.2,456,0.00008448078733636066,0.00043093893327750266,0.0036407415755093098,1.0737912952899933,0.00006368376489263028,0.06150306761264801,1,1.07379165518581
helena,2,0.2,123,0.00007912512955954298,0.000406856182962656,0.003618788905441761,1.1728043019771577,0.0003049215883947909,0.1032208576798439,2,1.172804047914658
helena,2,0.2,42,0.00009091006440053765,0.0004044587773636866,0.003749854953806055,1.0289104878902435,0.000006051936907169875,0.06150306761264801,1,1.0289107876132535
helena,1,0.2,456,0.0001694661914370954,0.0008662521140649915,0.007315024267882109,1.1017193019390106,0.0001018292095977813,0.08251533657312393,1,1.1017198269726838
helena,1,0.2,123,0.00015923415776342154,0.0008199646836146712,0.007291803602129221,1.2118202865123748,0.0003429956850595772,0.10168711841106416,2,1.2118180122781048
helena,1,0.2,42,0.00018294824985787272,0.0008145535248331726,0.00755692832171917,1.1524341583251954,0.0001258505944861099,0.13098159432411194,1,1.1524347364317684
helena,0.5,0.2,123,0.00032036192715168,0.0016461940249428153,0.014624624513089657,1.2780482113361358,0.0003918065340258181,0.10337423533201218,2,1.2780462466814642
helena,0.5,0.2,456,0.00034143702941946685,0.0017436828929930923,0.014714504592120647,1.246257108449936,0.0002798566420096904,0.15153373777866364,3,1.2462549600369988
helena,0.5,0.2,42,0.0003687221033032983,0.0016404425259679556,0.015200651250779629,1.280944699048996,0.00029422485386021435,0.14877299964427948,4,1.2809420437959962
helena,0.1,0.2,456,0.00176735850982368,0.008982688188552856,0.07564660906791687,1.467839878797531,0.0006673844181932509,0.1579754650592804,8,1.4678358050984026
helena,0.1,0.2,123,0.0016415374501145914,0.008453764513590204,0.07507101936044377,1.485595202445984,0.00127310398966074,0.14187116920948029,7,1.4855909416778157
helena,0.1,0.2,42,0.0018684999085962772,0.008312461897730827,0.07721556723117828,1.5489740371704102,0.0020162679720669985,0.15828220546245575,8,1.548970278262097
helena,0.01,0.2,456,0.010713529773056509,0.05792494863271713,0.4576263725757599,3.441421401500702,0.01950450986623764,0.2361963242292404,27,3.441405349474258
helena,0.01,0.2,123,0.010432004928588867,0.05713684856891632,0.47185638546943665,2.759360682964325,0.009257912635803224,0.2263803631067276,27,2.7593519011462124
helena,0.001,0.2,456,0.023003686729695935,0.1330182152504883,0.9860860834966392,6.459496188163757,0.07239818572998047,0.2996932566165924,27,6.459487909904564
helena,0.01,0.2,42,0.011666273698210716,0.05546117201447487,0.4841068685054779,2.8841049551963804,0.012077619321644306,0.23358894884586337,25,2.8840922248962912
helena,0.001,0.2,123,0.02022613026201725,0.12621788680553436,0.9700641632080078,6.943707299232483,0.12601038813591003,0.291564404964447,27,6.943673158475832
helena,0.001,0.2,42,0.02313190326094627,0.12533728778362274,0.9743865728378296,9.379615640640258,0.16406778991222382,0.326993852853775,27,9.379571391861177
helena,0.0001,0.2,456,0.024914311779702967,0.14373747977758866,1.0848669829207014,9.001348638534546,0.16118758916854858,0.3072085976600647,27,9.001330206956428
helena,0.0001,0.2,123,0.0236846674233675,0.15165558457374573,1.1657521724700928,6.560103058815002,0.06923981010913849,0.29877299070358276,27,6.5600781653071225
helena,0.0001,0.2,42,0.02469380386173725,0.1372324824333191,1.059675931930542,6.343831539154053,0.11440931260585784,0.2897239327430725,27,6.343800235242844
aloi,10,0.2,456,0.0006839140551164746,0.0013330955989658833,0.003138537984341383,1.650693882595409,0.00269975233823061,0.10388889163732529,2,1.6506894089396398
aloi,10,0.2,123,0.0006805485415468802,0.0013196711191259991,0.0031748609096028135,2.110459703387636,0.005371095612645149,0.2203703671693802,4,2.1104500291646957
aloi,10,0.2,42,0.0006634807214140892,0.0013515845639631152,0.003183613996952772,1.8412114706906408,0.003978903405368328,0.13583333790302277,4,1.8411998331844568
aloi,5,0.2,456,0.0013710950734093783,0.0026696978602558374,0.006286359392106533,2.260395302917018,0.005192616954445839,0.2573148012161255,3,2.2603790565050192
aloi,5,0.2,123,0.0013637728989124298,0.0026455428451299667,0.006364264991134405,2.544019518476544,0.008281886577606201,0.32879629731178284,5,2.5440030746622417
aloi,5,0.2,42,0.0013281188439577818,0.002705788007006049,0.006370877847075462,2.3682147950837105,0.006649400573223829,0.3482407331466675,4,2.3682063165748697
aloi,2,0.2,456,0.003443577326834202,0.006703904364258051,0.01577162742614746,3.48365052541097,0.010170165449380876,0.4774999916553498,7,3.4836218695559764
aloi,2,0.2,123,0.0034259699750691652,0.006643739994615316,0.01599644310772419,3.6629572131417016,0.012488923966884611,0.5149074196815491,8,3.6629261727388207
aloi,2,0.2,42,0.0033331507606042033,0.006787075818745474,0.016015876326738534,3.731843117511634,0.01134607009589672,0.4955555498600006,9,3.731818594994064
aloi,1,0.2,456,0.006922041531652212,0.013519770465791224,0.031753700226545334,5.069761073950565,0.014395988546311855,0.557962954044342,14,5.069719789836491
aloi,1,0.2,123,0.006910692434757948,0.01339538674801588,0.032294295728206635,5.227316509593617,0.01699305698275566,0.6126852035522461,9,5.227275627551202
aloi,1,0.2,42,0.006726103834807873,0.013695008121430874,0.03234286233782768,5.3940927043105615,0.015612119808793068,0.6219444274902344,11,5.39405898055578
aloi,0.5,0.2,456,0.01406637206673622,0.02751138061285019,0.06482438743114471,7.4059516588846845,0.01890222541987896,0.6406481266021729,18,7.405900305201389
aloi,0.5,0.2,123,0.014037206768989565,0.027271049097180367,0.0656881108880043,7.536240866689971,0.02016323432326317,0.6569444537162781,13,7.536187410489686
aloi,0.5,0.2,42,0.01371625571185796,0.027912842569508312,0.06610116740983246,7.434070962848085,0.01989496871829033,0.6975926160812378,15,7.434035132580152
aloi,0.1,0.2,456,0.08101478964090347,0.16151821613311768,0.379835844039917,11.164601701678652,0.013519834727048874,0.6059259176254272,41,11.164533892421638
aloi,0.1,0.2,123,0.07962601631879807,0.15565207600593567,0.3765418231487274,10.453234181259615,0.014468880370259283,0.5824999809265137,36,10.453142415766392
aloi,0.1,0.2,42,0.0780574381351471,0.16173431277275083,0.38231590390205383,11.053837689486416,0.014910833910107613,0.6038888692855835,36,11.05374651571432
aloi,0.01,0.2,456,0.17130679478951272,0.3705357318113267,0.8814389745902911,16.141666094462078,0.0355774462223053,0.6516666412353516,63,16.14162981361317
aloi,0.01,0.2,123,0.17443877458572388,0.37271130084991455,0.9022048711776732,16.48245383753921,0.037154730409383774,0.6242592334747314,60,16.4823662096018
aloi,0.01,0.2,42,0.168430894613266,0.3781140744686126,0.9073389172554016,16.330906434492633,0.031595468521118164,0.6187962889671326,62,16.330800104876133
aloi,0.001,0.2,456,0.17372699081897736,0.3789720833301544,0.9065056443214417,16.276399930318195,0.038267411291599274,0.6568518280982971,64,16.276356631619063
aloi,0.001,0.2,123,0.17407147586345673,0.3757617175579071,0.9062929153442384,15.660006754326098,0.040169425308704376,0.6296296119689941,61,15.659937008897352
aloi,0.001,0.2,42,0.16866637766361237,0.379909485578537,0.9166926145553588,16.29291485295151,0.039035454392433167,0.6167592406272888,63,16.292823131387415
aloi,0.0001,0.2,456,0.1699286550283432,0.3697993457317352,0.8838480114936829,16.084891232577238,0.04439224302768707,0.663518488407135,62,16.084802568293043
aloi,0.0001,0.2,123,0.1739666597201644,0.3738218033061327,0.904307527700426,15.871807763070771,0.04542005807161331,0.630740761756897,63,15.871731088366476
aloi,0.0001,0.2,42,0.16853484511375427,0.3808131515979767,0.916195511817932,16.142207492481578,0.0425901859998703,0.6258333325386047,63,16.14212165755215
jannis,10,0.2,456,0.0003871870576404035,0.0005847698776051402,0.0009780552936717868,1.5038866996765137,0.000635592034086585,0.45999521017074585,2,1.5038818160990102
jannis,10,0.2,123,0.0004008884716313332,0.0006009317585267127,0.00099409488029778,1.6995624349667475,0.001059737172909081,0.48065441846847534,3,1.6995493249122615
jannis,10,0.2,42,0.0004003367794211954,0.0006098516751080751,0.0010153244948014617,1.350420342041896,0.00033525953767821193,0.5103893280029297,1,1.3504188287900818
jannis,5,0.2,456,0.0007770335118549495,0.0011742740605386688,0.0019648522940701172,2.1288671035033007,0.0010618166998028755,0.4684738516807556,6,2.128860642816616
jannis,5,0.2,123,0.0008050638134591281,0.0012053801910951734,0.001994213555008173,2.370881878412687,0.0014633892569690945,0.4977310597896576,5,2.3708709921364433
jannis,5,0.2,42,0.000803440751042217,0.0012250987347215414,0.002037531696259975,1.9016103377709024,0.0007236422970890999,0.5151659846305847,5,1.9016041113542823
jannis,2,0.2,456,0.00196325359866023,0.0029702854808419943,0.00496654212474823,4.253004642633291,0.0038050170987844463,0.5046572685241699,11,4.2529820506512195
jannis,2,0.2,123,0.002035663928836584,0.0030478299595415592,0.005051427986472845,4.118203328205989,0.0041160378605127335,0.5580368041992188,9,4.1181711563413845
jannis,2,0.2,42,0.0020309232641011477,0.0030996399000287056,0.0051596579141914845,3.998026655270503,0.003359634894877672,0.548363983631134,11,3.998011264581381
jannis,1,0.2,456,0.003978834021836519,0.006034388206899166,0.01011542696505785,7.21657134936406,0.009490398690104485,0.5302125811576843,15,7.216530517581702
jannis,1,0.2,123,0.004132474749669374,0.006221188888962317,0.01032805147857776,6.915084582108718,0.009213162586092947,0.5686649084091187,15,6.91503579782459
jannis,1,0.2,42,0.004121102392673492,0.006300443317741156,0.010528696700930595,7.188106701924251,0.009064307436347008,0.5706949830055237,16,7.18807674116597
jannis,0.5,0.2,456,0.008158206939697266,0.012383360415697098,0.02075628936290741,11.966106158036451,0.020532967522740364,0.5851445198059082,22,11.966056445591647
jannis,0.5,0.2,123,0.008487408980727196,0.012843726202845572,0.02135614864528179,11.346668500166674,0.01964341104030609,0.6035347580909729,21,11.346609944072316
jannis,0.5,0.2,42,0.008466143161058426,0.012980169616639614,0.02171284519135952,11.43093072451078,0.018785467371344566,0.5905182957649231,22,11.430884442129496
jannis,0.1,0.2,456,0.0462867872324912,0.07143072106633755,0.12105018775128272,19.36241032527043,0.027160190045833588,0.6253880858421326,37,19.362345928374427
jannis,0.1,0.2,123,0.048164740204811096,0.07464593648910522,0.12646940350532532,20.258490048922024,0.03003768250346184,0.6363744735717773,35,20.25843605610128
jannis,0.1,0.2,42,0.048012204468250275,0.0752982348203659,0.12845411896705627,20.256892424363357,0.02904794178903103,0.607833743095398,38,20.25683852398076
jannis,0.01,0.2,456,0.13311269879341123,0.20359408855438232,0.3353733420372009,29.910450128408577,0.046412646770477295,0.6596608757972717,53,29.910407880781648
jannis,0.01,0.2,123,0.13648267879632414,0.20665758096317435,0.34232276709690534,30.201020754300632,0.046447157859802246,0.6641986966133118,54,30.200985668013217
jannis,0.01,0.2,42,0.1376892626285553,0.21186883747577667,0.3538784086704254,30.287329820486217,0.04561753571033478,0.6563171744346619,54,30.28725528626249
jannis,0.001,0.2,456,0.1338910460472107,0.205301970243454,0.3378531336784363,30.55679042522724,0.04882403835654259,0.6620491743087769,54,30.556720550024384
jannis,0.001,0.2,123,0.1370461732149124,0.2075686156749725,0.3440841734409332,30.476001739501953,0.04833865910768509,0.6628851294517517,54,30.475954236339263
jannis,0.001,0.2,42,0.13873246312141418,0.21346831321716309,0.3557594418525696,30.46198610159067,0.04683499038219452,0.656436562538147,54,30.46191253967193
jannis,0.0001,0.2,456,0.13393685221672058,0.2053067237138748,0.33785825967788696,30.5857661320613,0.04892509803175926,0.6655123233795166,54,30.585713307227767
jannis,0.0001,0.2,123,0.13624846935272217,0.206368088722229,0.3422480821609497,30.616016461299015,0.04981362074613571,0.6636016368865967,54,30.615973231762343
jannis,0.0001,0.2,42,0.13887035846710205,0.2136898934841156,0.3561730682849884,30.439313375032864,0.04654865339398384,0.655958890914917,54,30.43923156775367
helena,10,0.1,456,0.000014542558965463046,0.00007566368248582228,0.0006358004187741159,1.004242092370987,0.000005632607553707203,0.06150306761264801,0,1.00424250156887
helena,10,0.1,123,0.000014504850696539506,0.00007285118772415444,0.0006422355654649436,1.004006886482239,0.000026411977160023525,0.06150306761264801,1,1.0040069703038432
helena,10,0.1,42,0.00001604546923772432,0.00006967931403778493,0.0006610514246858656,1.0555147886276246,0.00006699177174596116,0.06150306761264801,1,1.0555146436672007
helena,5,0.1,456,0.00002910550405022488,0.00015158824306296185,0.001272604678658076,1.0670470893383026,0.00005579320713877678,0.06150306761264801,0,1.0670475850427998
helena,5,0.1,123,0.000029080347303533927,0.00014607336197514087,0.001288211322389543,1.2778948843479156,0.0007483524968847632,0.1274539828300476,2,1.2778930710922565
helena,5,0.1,42,0.000032201725844061,0.0001395361323375255,0.001324693439528346,1.1199963450431825,0.0002084640000248328,0.10720858722925186,1,1.119995680095153
helena,2,0.1,123,0.0000729409875930287,0.0003664759860839695,0.003236316377297044,1.370313137769699,0.001425592927262187,0.09401840716600418,2,1.3703128718646378
helena,2,0.1,456,0.00007317904965020716,0.00038152767228893936,0.0032019822392612696,1.183882087469101,0.00037597777554765344,0.10582821816205978,1,1.1838821079632644
helena,2,0.1,42,0.0000810782439657487,0.00034998077899217606,0.0033313503954559565,1.229089504480362,0.0003840170102193952,0.14340490102767944,2,1.2290867817467146
helena,1,0.1,456,0.000147665647091344,0.000769691716413945,0.006461469456553459,1.3244556844234467,0.0005247311200946569,0.16503067314624786,2,1.3244528426426776
helena,1,0.1,123,0.00014732263445601563,0.0007407382784246146,0.006523764603038774,1.3703082203865051,0.0011435039341449738,0.1168711632490158,3,1.3703071237842035
helena,1,0.1,42,0.00016377629071939737,0.0007093603489920497,0.006731204688549042,1.4063319325447083,0.0008128035115078092,0.16273006796836853,2,1.40632971901822
helena,0.5,0.1,456,0.00030183541821315885,0.0015749107114970684,0.013157458044588566,1.4527596712112427,0.0007735780673101544,0.17453987896442413,4,1.4527557298511118
helena,0.5,0.1,123,0.0003002419543918222,0.0015051783993840218,0.013227547518908978,1.4173110544681549,0.0007935357862152159,0.1374233067035675,2,1.4173076859838178
helena,0.5,0.1,42,0.000332580937538296,0.001441613188944757,0.0136934332549572,1.5282136976718903,0.0009103358024731278,0.16150306165218353,3,1.5282085708246318
helena,0.1,0.1,456,0.001536453957669437,0.00797753594815731,0.06695827841758728,1.3988048791885377,0.0005049055907875299,0.18266871571540833,5,1.3988007514984628
helena,0.1,0.1,123,0.0015276593291648024,0.007664356201808244,0.06761903438383941,1.5222486436367035,0.0017433017492294312,0.14647239446640015,11,1.5222448718603236
helena,0.1,0.1,42,0.0016994248144328594,0.007315449882298708,0.06972239911556244,1.5715493500232696,0.0017825390677899122,0.15874232351779938,15,1.5715452213638057
helena,0.01,0.1,456,0.010283203795552254,0.05566934868693352,0.4328469038009643,2.387649631500244,0.015785694122314453,0.20230060815811157,25,2.3876382683597055
helena,0.01,0.1,123,0.009687597141904926,0.05388891941665879,0.4396641001706827,2.588207995891571,0.029180215671658516,0.20322085916996,22,2.5881957037805834
helena,0.01,0.1,42,0.010265246964991093,0.04922230914235115,0.418222576379776,3.180316650867462,0.028946474194526672,0.23834355175495148,26,3.1803050497316936
helena,0.001,0.1,456,0.02448023296892643,0.13861405849456787,1.032503962516785,8.09534969329834,0.16866861283779144,0.30935582518577576,27,8.09532433622837
helena,0.001,0.1,123,0.02253367193043232,0.1385280340909958,1.050142526626587,7.38493583202362,0.16207779943943024,0.28450921177864075,27,7.384916933344942
helena,0.001,0.1,42,0.02685411646962166,0.1424279361963272,1.1296677589416504,7.1358178615570065,0.1579759120941162,0.28573620319366455,26,7.135792713424413
helena,0.0001,0.1,456,0.027681614472562763,0.1582412827388206,1.1959860928401376,7.829680228233338,0.14455418288707733,0.2846625745296478,27,7.829649908907472
helena,0.0001,0.1,123,0.026906071230769157,0.16846409440040588,1.2949247360229492,7.6777828454971315,0.15222302079200745,0.28757667541503906,27,7.677759947746648
helena,0.0001,0.1,42,0.03149619325995445,0.1707727611064911,1.3644473552703855,7.611042237281799,0.15985500812530518,0.29263803362846375,26,7.61101163243106
aloi,10,0.1,456,0.0005946399760432541,0.00116458791308105,0.002904279623180628,1.7428995551485005,0.004450386390089989,0.14305555820465088,3,1.742895812662825
aloi,10,0.1,123,0.0005893003544770181,0.001142443623393774,0.0027158260345458984,2.1470242124615293,0.006686740554869175,0.2374074012041092,4,2.147014422305419
aloi,10,0.1,42,0.000555587001144886,0.001133922371082008,0.0027049416676163673,1.9303149273901272,0.005787152796983719,0.2737036943435669,3,1.9303041298264187
aloi,5,0.1,456,0.001192309477671607,0.0023347728068591474,0.005816983946127711,2.277039368947347,0.00742413941770792,0.35046297311782837,4,2.2770316596512283
aloi,5,0.1,42,0.0011129105696454644,0.0022698738612234592,0.0054198019206523895,2.6493901483940356,0.009713435545563698,0.4600926041603088,4,2.6493752590588815
aloi,5,0.1,123,0.0011815655743703246,0.0022886954247951508,0.005445849150419235,2.588272000804092,0.010321399196982384,0.3450925946235657,4,2.588258330365987
aloi,2,0.1,456,0.0029964966233819723,0.005872088950127363,0.0146705973893404,3.4547306335333623,0.0149565814062953,0.4895370304584503,7,3.454708100062996
aloi,2,0.1,123,0.0029694216791540384,0.0057552349753677845,0.01369135733693838,3.721411502722538,0.01675703190267086,0.5593518614768982,9,3.721382938010592
aloi,2,0.1,42,0.0028013759292662144,0.005712459795176983,0.013625171035528185,3.923048257827759,0.01674306020140648,0.5781481266021729,8,3.923023597681743
aloi,1,0.1,456,0.006050230892519745,0.011852587483217087,0.029600360538296865,5.05864277752963,0.022239912301301956,0.6166666746139526,13,5.058604476628512
aloi,1,0.1,123,0.0059834918938577175,0.011634863913059236,0.02767202816903591,5.165403394988089,0.023023832589387897,0.6399074196815491,13,5.165363765476989
aloi,1,0.1,42,0.005654081197748565,0.011542783563227127,0.027571403430402364,5.3779947829969,0.023106997832655907,0.6871296167373657,10,5.377959817485014
aloi,0.5,0.1,456,0.012378630228340626,0.024225447326898575,0.060612283647060394,7.0701933051600605,0.026630891487002373,0.6634259223937988,15,7.070141892063351
aloi,0.5,0.1,123,0.012190675362944605,0.023740123957395554,0.05630163848400116,7.174141696005156,0.029056837782263756,0.6791666746139526,15,7.174094756273479
aloi,0.5,0.1,42,0.011544086039066316,0.023645179346203804,0.05656030774116516,7.148028229222153,0.02848341315984726,0.7097222208976746,15,7.14798292025587
aloi,0.1,0.1,456,0.07368236035108566,0.14691177010536194,0.3678218722343445,9.79928984786525,0.020157361403107643,0.6220370531082153,36,9.799231051736928
aloi,0.1,0.1,123,0.0705704316496849,0.13935324549674988,0.3306684195995331,9.007101174556848,0.02194099873304367,0.5627777576446533,35,9.007046719985334
aloi,0.1,0.1,42,0.0677415058016777,0.13973689079284668,0.3372984230518341,9.337615099820225,0.022417504340410233,0.5869444608688354,32,9.337558381854702
aloi,0.01,0.1,456,0.20086847245693207,0.45346760749816895,1.134882569313049,12.443732984138258,0.04156787320971489,0.6142592430114746,64,12.44368088597886
aloi,0.01,0.1,123,0.19938050951572475,0.4488421096543898,1.0901249251609604,12.303858323530717,0.04036819189786911,0.5729629397392273,63,12.303768453169605
aloi,0.01,0.1,42,0.19058459997177124,0.43406346440315247,1.0944474935531616,12.097702546553178,0.03755934536457062,0.6085185408592224,60,12.097631205041386
aloi,0.001,0.1,456,0.20677919685840607,0.47370296716690063,1.1934802532196045,12.517610318732984,0.040768008679151535,0.6094444394111633,63,12.517550638254113
aloi,0.001,0.1,123,0.20377658307552335,0.46490123867988586,1.1274536848068235,12.650045134804463,0.041074663400650024,0.595370352268219,64,12.64995829943445
aloi,0.001,0.1,42,0.194243922829628,0.4482395052909851,1.1303935050964355,12.586853981018066,0.0415649339556694,0.6001851558685303,62,12.586770884374337
aloi,0.0001,0.1,456,0.20716114342212677,0.47340258955955505,1.1823508739471436,11.68101267381148,0.03878636658191681,0.610370397567749,64,11.68093747011148
aloi,0.0001,0.1,123,0.20124043687661075,0.45841425991141566,1.109779594551353,11.572658741112912,0.03979022428393364,0.5423148274421692,62,11.572578005933956
aloi,0.0001,0.1,42,0.19381935894489288,0.45048731565475464,1.1467137336730957,10.997744300148703,0.041408512741327286,0.5887963175773621,62,10.997653925225396
jannis,10,0.1,456,0.00033462251303717494,0.000523709983099252,0.0008681510807946324,1.5717893013587363,0.0008771876455284655,0.46274182200431824,2,1.571786680320275
jannis,10,0.1,123,0.0003571249544620514,0.0005396062624640763,0.0008914785576052964,1.7516897229047923,0.001112623605877161,0.4825650751590729,2,1.7516777276157265
jannis,10,0.1,42,0.0003583173092920333,0.0005422535468824208,0.0008946454036049545,1.4127088601772602,0.0004746394988615066,0.5146883130073547,1,1.412706469121308
jannis,5,0.1,456,0.0006715977215208113,0.0010516504989936948,0.0017420367803424597,2.412300678399893,0.0015942801255732777,0.4763553738594055,5,2.4122973354196695
jannis,5,0.1,123,0.0007165713619433032,0.0010837044967830492,0.001788692426090671,2.601513835100027,0.0022197735961526632,0.4946262240409851,5,2.6014912608525753
jannis,5,0.1,42,0.0007189644384197891,0.001088764052838087,0.001799151417799294,2.120271187562209,0.0011486986186355352,0.5234057903289795,5,2.1202667573366893
jannis,2,0.1,456,0.0016956565668806434,0.002654062816873193,0.004400817211717367,5.021164600665752,0.006356478668749332,0.5138524174690247,12,5.021146665809765
jannis,2,0.1,123,0.0018116894643753767,0.002735206624493003,0.0045262789353728294,4.8448118429917555,0.006782857701182365,0.5589921474456787,9,4.8447817732089
jannis,2,0.1,42,0.001814424293115735,0.002754452172666788,0.004547335207462311,5.002107510199914,0.006176058668643236,0.5604251027107239,11,5.002086727657272
jannis,1,0.1,456,0.003438689513131976,0.005382932722568512,0.00893954373896122,8.614620465498705,0.015477737411856651,0.5385717749595642,15,8.614594269485435
jannis,1,0.1,123,0.003674711624059409,0.005571129287343294,0.009209442423496788,8.087324655972994,0.01458054967224598,0.5712921023368835,14,8.087276981691987
jannis,1,0.1,42,0.00367957423441112,0.005586113780736923,0.009239948354661465,8.668909219595102,0.015208149328827858,0.5816813707351685,16,8.668888242979078
jannis,0.5,0.1,456,0.007022008765456403,0.01103071856223976,0.01839052545922269,13.386682657095102,0.02966093458235264,0.5941007733345032,22,13.386639380462936
jannis,0.5,0.1,123,0.007535639684647322,0.011469416320323944,0.01900276355445385,12.72038907271165,0.02884126827120781,0.601862907409668,21,12.720329501168804
jannis,0.5,0.1,42,0.007540555205196142,0.011484615504741669,0.019068263471126556,12.842093504392183,0.027565959841012955,0.5989968776702881,22,12.842057276786024
jannis,0.1,0.1,456,0.040034983307123184,0.06425783038139343,0.10845910757780076,19.077992585989143,0.024304118007421497,0.6170288920402527,38,19.077936318519008
jannis,0.1,0.1,123,0.04360293224453926,0.068193219602108,0.1154588907957077,19.703294020432693,0.028014060109853745,0.6265822649002075,37,19.703232641287
jannis,0.1,0.1,42,0.04350266605615616,0.06844455003738403,0.116282120347023,19.99633781726544,0.026821112260222435,0.6065201759338379,37,19.99626239429241
jannis,0.01,0.1,456,0.19869618117809296,0.32106247544288635,0.5333002209663391,26.64028747265155,0.020811008289456367,0.6407929062843323,54,26.64020442874298
jannis,0.01,0.1,123,0.1972077339887619,0.3081846833229065,0.5096012353897095,27.94882150796743,0.02453621476888657,0.6413900256156921,53,27.94875765173031
jannis,0.01,0.1,42,0.21118132128155315,0.3257360365084273,0.5339614693095115,27.490118393531212,0.021371666342020035,0.6264628767967224,52,27.490049299540665
jannis,0.001,0.1,456,0.21259628236293793,0.34354257583618164,0.5702208876609802,26.132390682513897,0.019105128943920135,0.6404346823692322,54,26.13233630361149
jannis,0.001,0.1,123,0.19838419556617737,0.30879655480384827,0.5106744766235352,28.550129890441895,0.027704687789082527,0.648674488067627,54,28.55006251030307
jannis,0.001,0.1,42,0.21768024563789368,0.33686506748199463,0.550437867641449,27.610122827383183,0.02171250805258751,0.6282541155815125,54,27.61004034505913
jannis,0.0001,0.1,456,0.21263767447614007,0.34342506579255044,0.5708986148599879,26.155604876004737,0.01907597109675407,0.6425842046737671,54,26.15551978934323
jannis,0.0001,0.1,123,0.20264889299869537,0.31530338525772095,0.5212057828903198,28.13629575876089,0.026291022077202797,0.6460472941398621,54,28.13622994048973
jannis,0.0001,0.1,42,0.21752187609672544,0.3362780213356018,0.5495014190673828,27.642592356755184,0.021812452003359795,0.6299259662628174,54,27.642532885575577
helena,10,0.001,456,0.000014503829333989415,0.00006735169881721959,0.000614449440035969,1.0831226587295533,0.0001840461336541921,0.10230061411857604,1,1.0831231510245825
helena,10,0.001,123,0.000014458589248533826,0.00006592945283045992,0.0005821469821967185,1.3187365412712098,0.005416238680481911,0.0914110392332077,1,1.318735425142776
helena,10,0.001,42,0.000014971446944400668,0.00007185290451161563,0.0006296982755884528,1.358600491285324,0.005627873819321394,0.11150306463241576,0,1.3585971176871472
helena,5,0.001,456,0.000029077709768898785,0.00013480320922099054,0.0012317198561504483,1.1476658701896667,0.0006082986365072429,0.10996932536363602,1,1.147664811741254
helena,5,0.001,123,0.000028994261811021715,0.00013241704436950386,0.0011675790883600712,1.440169060230255,0.005726726725697517,0.12024539709091188,1,1.4401680326912798
helena,5,0.001,42,0.000030036908356123604,0.0001439687330275774,0.0012628373224288223,1.4956956386566165,0.005408058874309063,0.13450920581817627,0,1.495690551323873
helena,2,0.001,456,0.00007298761851227908,0.0003396649580446468,0.00311182958418177,1.2764765977859498,0.001089055323973298,0.1311349719762802,0,1.2764750425437674
helena,2,0.001,123,0.0000730973479221575,0.00033288338454440236,0.002938836580142379,1.7115210473537446,0.006455893628299236,0.1306748390197754,2,1.7115131024313253
helena,2,0.001,42,0.00007560568337794393,0.0003621665819082409,0.00317057641223073,1.5737658977508544,0.003559818025678396,0.14754600822925568,1,1.573763967015667
helena,1,0.001,456,0.00014813500456511974,0.0006875494145788252,0.006310272496193647,1.4030483484268188,0.0012941991444677114,0.1685582846403122,2,1.403046780396127
helena,1,0.001,123,0.00014762533828616142,0.0006736095529049635,0.005959607195109129,1.5988332748413083,0.0035380020271986723,0.12914110720157623,2,1.5988309978794328
helena,1,0.001,42,0.00015315074477611826,0.0007341256991618029,0.006436256838487505,1.5629591703414918,0.002838908927515149,0.16641104221343994,2,1.5629553306316375
helena,0.5,0.001,456,0.0003007529303431511,0.0014007679419592025,0.012832045555114746,1.5140287697315216,0.0016719091217964888,0.18113496899604797,4,1.514025335560392
helena,0.5,0.001,123,0.00030004160362295806,0.0013668806059285998,0.012083056382834911,1.5509739995002747,0.0025519970804452896,0.16196319460868835,2,1.5509699121706424
helena,0.5,0.001,42,0.0003116775868254406,0.0014949011150261807,0.013114316014900828,1.4600047171115875,0.0015297229401767254,0.16196319460868835,2,1.4600035095200412
helena,0.1,0.001,456,0.0015329100424423814,0.00713338190689683,0.06525568664073944,1.4869506716728211,0.0023935013450682163,0.1828220784664154,6,1.4869463024785203
helena,0.1,0.001,123,0.001540470402687788,0.007042373064905405,0.06197449937462807,1.7194526612758636,0.014462975785136225,0.15153373777866364,7,1.7194466856178443
helena,0.1,0.001,42,0.0016007553786039352,0.007677735295146704,0.06707943230867386,1.9625734865665436,0.0353749543428421,0.17208589613437653,7,1.9625682817105603
helena,0.01,0.001,456,0.010477082803845406,0.05247674882411957,0.4496952891349793,2.113645684719086,0.008163408376276493,0.17116564512252808,24,2.113636166490456
helena,0.01,0.001,123,0.010441363789141178,0.05463399738073349,0.4381964802742005,2.134568417072296,0.006369641982018948,0.16871166229248047,27,2.134563761559457
helena,0.01,0.001,42,0.010535620152950289,0.05162376910448074,0.457099974155426,2.19850754737854,0.008251105435192585,0.1759202480316162,27,2.1984983924777657
helena,0.001,0.001,456,0.042744940712253474,0.23331917044368805,1.9145776249732116,3.2446197628974915,0.0068420181050896645,0.1765337437391281,27,3.244605800030244
helena,0.001,0.001,123,0.04057133570313454,0.22734369337558744,1.8262691497802737,3.4384767532348635,0.0069833435118198395,0.18542945384979248,27,3.438456210691146
helena,0.001,0.001,42,0.03719707950949669,0.19574931263923645,1.6434760093688965,3.146515679359436,0.007586137391626835,0.20383435487747192,27,3.146501551709231
helena,0.0001,0.001,456,0.049494509316961005,0.26784466631356785,2.2178131066998428,3.5887422442436216,0.007429024670273066,0.1969325095415115,27,3.5887229615391028
helena,0.0001,0.001,123,0.04339713975787163,0.24907052516937256,1.9277971982955933,3.160071063041687,0.005369121208786964,0.1891104280948639,27,3.1600373053165325
helena,0.0001,0.001,42,0.05358748496210578,0.28591818676500436,2.383903267334124,3.3628768801689146,0.006339648272842169,0.1964723914861679,27,3.362840012431201
aloi,10,0.001,456,0.0003942438343074173,0.0008485711878165603,0.0020259206648916006,1.7513551314671834,0.06146702542901039,0.27981480956077576,2,1.7513511821945418
aloi,10,0.001,123,0.0005787875852547586,0.0016269492916762829,0.005754901096224785,1.912708986889232,0.07645914703607559,0.35555556416511536,3,1.912702329792622
aloi,10,0.001,42,0.00038787152152508497,0.0009203998488374054,0.0022614861372858286,1.8652598677259504,0.07901889830827713,0.29083332419395447,3,1.86525384684922
aloi,5,0.001,456,0.0007927233818918467,0.0017043238040059805,0.004063562024384737,2.018849091096358,0.084320068359375,0.39629629254341125,3,2.018841946622535
aloi,5,0.001,123,0.0008503834833391011,0.0018648994155228136,0.004960148595273495,2.275605873628096,0.11206580698490144,0.4334259331226349,3,2.275595829387405
aloi,5,0.001,42,0.0007221158704774726,0.0015395152668347006,0.004146928751125498,2.2775442708622324,0.10775940120220184,0.4792592525482178,5,2.2775356249211707
aloi,2,0.001,456,0.0019999039359390736,0.004308611154556274,0.010265344753861427,2.6017020543416343,0.09554564952850342,0.5849999785423279,7,2.6016913627060383
aloi,2,0.001,123,0.002149340230971575,0.004703967832028866,0.012531504034996033,2.7880688580599697,0.12821133434772491,0.636296272277832,8,2.7880537462741244
aloi,2,0.001,42,0.001965749077498913,0.004664111882448196,0.01145467534661293,2.763496731266831,0.10793890058994292,0.6424074172973633,7,2.7634826565637316
aloi,1,0.001,456,0.004083467181771994,0.008802383206784725,0.020954418927431107,3.029159777092211,0.0817786455154419,0.7037962675094604,10,3.0291468027801187
aloi,1,0.001,123,0.005999942310154438,0.01683758571743965,0.05972691625356674,3.133391828247995,0.11714997887611388,0.6936110854148865,10,3.1333692133752593
aloi,1,0.001,42,0.003722151112622164,0.007933580634998029,0.021360399932920347,3.157850301626957,0.08908364176750183,0.7126851677894592,12,3.1578322646826944
aloi,0.5,0.001,456,0.008467095904052258,0.018203672021627423,0.04353509098291397,3.3393368143023867,0.07124914228916168,0.755648136138916,14,3.3393169617678704
aloi,0.5,0.001,123,0.012486673891544342,0.03512239828705788,0.12400642037391664,3.4089768077387954,0.09108328819274902,0.7562037110328674,14,3.408949203232607
aloi,0.5,0.001,42,0.008369938470423222,0.019821928814053535,0.049073945730924606,3.4980269273122153,0.08145003765821457,0.7654629349708557,17,3.498004083989484
aloi,0.1,0.001,456,0.04877411330637045,0.10406364655779413,0.25959167797951876,6.300747683553984,0.22700008749961853,0.802314817905426,27,6.300726247844088
aloi,0.1,0.001,123,0.05176253616809845,0.114631287753582,0.3036913275718689,5.742147474577933,0.22069667279720304,0.7778703570365906,30,5.742120405620532
aloi,0.1,0.001,42,0.04791785404086113,0.11207079142332076,0.281411349773407,5.755959416880752,0.17656192183494568,0.786481499671936,33,5.755919303026992
aloi,0.01,0.001,456,0.14456993341445923,0.3634921312332154,0.9196431636810304,8.714655471570564,0.43765735626220703,0.8129629492759705,39,8.714640824590008
aloi,0.01,0.001,42,0.15435169637203217,0.3966157138347626,1.0671828985214231,9.055015202724572,0.43456411361694336,0.8142592310905457,37,9.054987766719506
aloi,0.01,0.001,123,0.22285063564777377,0.6806138157844543,2.399512767791748,8.428126349593654,0.4936724305152893,0.8105555772781372,32,8.428105405230252
aloi,0.001,0.001,456,0.16337781837114762,0.3858352911446538,0.997269246050122,9.457946907390248,0.44095733761787415,0.8114814758300781,39,9.457919734187689
aloi,0.001,0.001,123,0.17736117541790009,0.43660348653793335,1.1895673274993896,9.140815966057056,0.5305178761482239,0.8144444227218628,32,9.140785011328004
aloi,0.001,0.001,42,0.1670171320438385,0.4262118935585022,1.152832806110382,8.761862480279172,0.4311524629592895,0.804722249507904,37,8.76184352680897
aloi,0.0001,0.001,456,0.16657356917858124,0.43512701988220215,1.1318532228469849,9.103165857719652,0.43756505846977234,0.7931481599807739,39,9.103135647496316
aloi,0.0001,0.001,123,0.18732032179832456,0.4622171223163605,1.2594391107559204,8.857128923589533,0.5276192426681519,0.8015740513801575,32,8.857104026927459
aloi,0.0001,0.001,42,0.1724219024181366,0.44512510299682617,1.1998547911643982,9.168340104998965,0.420474112033844,0.8124074339866638,37,9.16831297367934
jannis,10,0.001,456,0.0002925634070898124,0.0004732375029453008,0.0008117839293024581,1.7252789048048167,0.004313918761909008,0.47325053811073303,1,1.7252740321400462
jannis,10,0.001,123,0.00030428555328398943,0.0004757876158691942,0.0008135010721161962,1.8761288248575652,0.006181852426379919,0.5211368799209595,6,1.87612230587488
jannis,10,0.001,42,0.000313349766337155,0.00048421028669431927,0.0008143977021964602,1.657959213623634,0.003790013026446104,0.5377358198165894,3,1.6579559297129465
jannis,5,0.001,456,0.0005874783964827657,0.000950007524807006,0.0016291362699121237,2.4650966846025906,0.007781669963151216,0.4942679703235626,5,2.4650925672130226
jannis,5,0.001,123,0.0006104575004428625,0.0009553787531331182,0.001634572516195476,2.6675271529417772,0.012569968588650228,0.4894912838935852,11,2.667517387507907
jannis,5,0.001,42,0.0006292667821981013,0.0009720723028294742,0.00163541070651263,2.2877719402313232,0.008020276203751564,0.5367805361747742,6,2.2877645461357905
jannis,2,0.001,456,0.0014841827796772122,0.0024005486629903316,0.00411700876429677,4.578320998411912,0.020779384300112724,0.5247193574905396,9,4.578301149183093
jannis,2,0.001,123,0.001544280652365189,0.002418830027815356,0.004139789727346756,4.317755515758808,0.026977848261594772,0.5524241924285889,26,4.317737988161488
jannis,2,0.001,42,0.0015930786030367017,0.0024614136200398207,0.004145630169659853,4.500571782772358,0.02275904268026352,0.5653212070465088,11,4.500544245402972
jannis,1,0.001,456,0.0030198744498193264,0.00488445395603776,0.008394395932555199,7.864965310463538,0.041108373552560806,0.5335562229156494,15,7.864935407509874
jannis,1,0.001,123,0.0031428656075149775,0.004920178558677435,0.008447401225566864,7.042485622259287,0.04739696532487869,0.5809648633003235,39,7.042456117160711
jannis,1,0.001,42,0.0032410682179033756,0.0050243292935192585,0.00846188049763441,7.557183412405161,0.04212253168225288,0.5864580869674683,14,7.557133677014891
jannis,0.5,0.001,456,0.006217511237668391,0.010068597418988443,0.017304402999405166,12.19198777125432,0.07202155888080597,0.594459056854248,20,12.191942313549143
jannis,0.5,0.001,123,0.006479945499449968,0.010186961852014065,0.017454538494348526,11.060952993539663,0.07640758156776428,0.595653235912323,44,11.06091204540415
jannis,0.5,0.001,42,0.006667498973791327,0.01035802177313786,0.017475206722745457,11.411934742560751,0.06724438071250916,0.6095055937767029,22,11.41187777104036
jannis,0.1,0.001,456,0.035726554691791534,0.05884774029254913,0.10271945595741272,19.8851779791025,0.061966896057128906,0.6311201453208923,35,19.885131603497054
jannis,0.1,0.001,123,0.037445779889822006,0.060678400099277496,0.10612929612398148,20.88727415524996,0.06850677728652954,0.643778383731842,48,20.887209356146187
jannis,0.1,0.001,42,0.03871816396713257,0.06186450645327568,0.10727693140506744,19.868019030644344,0.06078881025314331,0.6122522354125977,39,19.867961023696427
jannis,0.01,0.001,456,0.32536953687667847,0.5462659597396851,0.9543262720108032,26.46942035968487,0.02208002284169197,0.6216861605644226,50,26.469369604800228
jannis,0.01,0.001,123,0.330476313829422,0.5357726812362671,0.9239720702171326,27.08487422649677,0.022717412561178207,0.6184619069099426,50,27.084820755927055
jannis,0.01,0.001,42,0.3531278669834137,0.5804889798164368,0.9879006743431092,26.65263161292443,0.019508661702275276,0.6163123846054077,54,26.652578033795876
jannis,0.001,0.001,456,0.385763269082166,0.6523054175895359,1.138563530476514,25.400507486783543,0.02013562992215157,0.6195366382598877,53,25.40044991182935
jannis,0.001,0.001,123,0.386083722114563,0.6235452890396118,1.0736974477767944,26.758429307204025,0.021463651210069656,0.6214473247528076,52,26.758386543234096
jannis,0.001,0.001,42,0.3850802481174469,0.6343764662742615,1.0762763023376465,29.779882137592026,0.023618578910827637,0.6204919815063477,54,29.779823375867004
jannis,0.0001,0.001,456,0.3902592907760464,0.6587902091522366,1.1456053949048373,25.497830317570617,0.019928649067878723,0.6175065636634827,53,25.497781041386208
jannis,0.0001,0.001,123,0.3825969398021698,0.6161088943481445,1.0621904134750366,27.218475415156437,0.021915007382631305,0.6208502650260925,52,27.21842778156791
jannis,0.0001,0.001,42,0.4091130495071411,0.6731560230255127,1.1396074295043943,28.403092751136192,0.02111801691353321,0.6093862056732178,54,28.40303588529038
helena,10,0.01,456,0.0000145017183967866,0.00006735351053066552,0.0006143487407825887,1.08327112197876,0.00018463005835656077,0.10475460439920424,1,1.0832715064517515
helena,10,0.01,123,0.000014457310870860992,0.0000659271030787084,0.0005819749572573733,1.3223105549812315,0.0057010166347026825,0.09156441688537598,1,1.322309718623944
helena,10,0.01,42,0.00001498065648775082,0.00007185140566434711,0.0006298870430327952,1.366253787279129,0.005793048534542322,0.11150306463241576,0,1.3662507263019257
helena,5,0.01,456,0.000029077709768898785,0.00013480320922099054,0.0012317198561504483,1.1476658701896667,0.0006082986365072429,0.10996932536363602,1,1.147664811741254
helena,5,0.01,123,0.000028994261811021715,0.00013241704436950386,0.0011675790883600712,1.440169060230255,0.005726726725697517,0.12024539709091188,1,1.4401680326912798
helena,5,0.01,42,0.000030036908356123604,0.0001439687330275774,0.0012628373224288223,1.4956956386566165,0.005408058874309063,0.13450920581817627,0,1.495690551323873
helena,2,0.01,456,0.00007306784391403198,0.000339774414896965,0.0031147203408181667,1.2744958519935607,0.0010694240918383002,0.1305214762687683,0,1.2744940689491608
helena,2,0.01,123,0.0000730973479221575,0.00033288338454440236,0.002938836580142379,1.7115210473537446,0.006455893628299236,0.1306748390197754,2,1.7115131024313253
helena,2,0.01,42,0.00007554770330462178,0.00036261377343239985,0.0031727833846713666,1.570053368806839,0.0035182933788746595,0.1492331326007843,1,1.570051758945861
helena,1,0.01,456,0.00014813500456511974,0.0006875494145788252,0.006310272496193647,1.4030483484268188,0.0012941991444677114,0.1685582846403122,2,1.403046780396127
helena,1,0.01,123,0.00014746535687360245,0.0006727958949486869,0.0059489861751936615,1.6016105830669405,0.003558269003406167,0.1305214762687683,2,1.6016085399817208
helena,1,0.01,42,0.0001527811837149784,0.0007326134946197271,0.006447937339544296,1.5658383667469025,0.002847804222255945,0.1673312932252884,2,1.565836017920087
helena,0.5,0.01,456,0.0003008889325428754,0.0014002957614138722,0.01280343346297741,1.51654412150383,0.0016940278001129627,0.18174846470355988,4,1.5165403860253197
helena,0.5,0.01,123,0.000299739622278139,0.0013676397502422333,0.012068500742316246,1.55261989235878,0.002568330150097609,0.15889570116996765,2,1.5526156444695476
helena,0.5,0.01,42,0.00031225066049955785,0.001493058167397976,0.013112753629684448,1.4575928032398224,0.0015155740547925234,0.17147238552570343,2,1.4575917969030534
helena,0.1,0.01,456,0.0015329100424423814,0.00713338190689683,0.06525568664073944,1.4869506716728211,0.0023935013450682163,0.1828220784664154,6,1.4869463024785203
helena,0.1,0.01,123,0.0015404709458288403,0.0070423726539448036,0.061974478292421455,1.719453400373459,0.014463024213910105,0.15122699737548828,7,1.7194469432507258
helena,0.1,0.01,42,0.0016007553786039352,0.007677735295146704,0.06707943230867386,1.9625734865665436,0.0353749543428421,0.17208589613437653,7,1.9625682817105603
helena,0.01,0.01,456,0.010477090254426004,0.05247671529650688,0.4496949017047882,2.113644802570343,0.008163399994373322,0.17177914083003998,24,2.1136357214879085
helena,0.01,0.01,123,0.010441376827657224,0.05463402718305588,0.4381962716579437,2.134568452835083,0.006369638256728649,0.1685582846403122,27,2.1345641287058226
helena,0.01,0.01,42,0.010535585839304851,0.05162394456850889,0.4571007890471749,2.198510539531708,0.008251119405031204,0.17499999701976776,27,2.198501221610082
helena,0.001,0.01,456,0.04274507611989975,0.23331977427005768,1.914576530456543,3.2446207404136658,0.006842008791863918,0.17684048414230347,27,3.244604345604413
helena,0.001,0.01,123,0.04057151077447718,0.22734064194329073,1.8262702090628395,3.4384779810905455,0.006983302533626556,0.18481594324111936,27,3.4384546952652406
helena,0.001,0.01,42,0.03719707950949669,0.19574931263923645,1.6434760093688965,3.146515679359436,0.007586137391626835,0.20383435487747192,27,3.146501551709231
helena,0.0001,0.01,456,0.04949459061026573,0.26784420013427734,2.217813014984131,3.5887399554252624,0.007429023738950491,0.2039877325296402,27,3.588722341783241
helena,0.0001,0.01,123,0.043396852910518646,0.24907125532627103,1.9277976751327517,3.1600746154785155,0.005369124934077263,0.1835889518260956,27,3.16003829264128
helena,0.0001,0.01,42,0.05358749255537987,0.28591790795326233,2.383904218673706,3.362878143787384,0.006339653395116329,0.1921779066324234,27,3.3628408492680633
aloi,10,0.01,456,0.0003942627226933837,0.000848679686896503,0.0020258231088519096,1.750646988550822,0.06162521243095398,0.28203704953193665,2,1.7506414429361414
aloi,10,0.01,123,0.0005811055197056133,0.0015129801400693694,0.004652245907999347,1.9142705960707231,0.07561217993497849,0.35398149490356445,3,1.9142626784291492
aloi,10,0.01,42,0.0003878860152326524,0.0009203643421642482,0.0022615245543420315,1.8659520004734849,0.0795692652463913,0.2945370376110077,3,1.865944779941697
aloi,5,0.01,456,0.0007916439757734994,0.0016709097869843377,0.004167156755814947,2.01885026512724,0.0845709964632988,0.38749998807907104,3,2.018843634904269
aloi,5,0.01,123,0.0008503834833391011,0.0018648994155228136,0.004960148595273495,2.275605873628096,0.11206580698490144,0.4334259331226349,3,2.275595829387405
aloi,5,0.01,42,0.0007779498118907213,0.0018462752923369408,0.004543293733149767,2.286327192277619,0.10907597839832306,0.4765740633010864,5,2.2863194593308234
aloi,2,0.01,456,0.001999905798584223,0.004310892429202795,0.010269690304994585,2.605200955362031,0.09554344415664671,0.5860185027122498,7,2.605191885981542
aloi,2,0.01,123,0.0029306141659617424,0.008230214938521385,0.02922654151916504,2.7942886352539062,0.12877844274044037,0.635185182094574,8,2.7942730991879405
aloi,2,0.01,42,0.0018246565162695109,0.003894230909646795,0.010482569632813278,2.762946114395604,0.10794129967689514,0.6427778005599976,7,2.762929680892856
aloi,1,0.01,456,0.004083467181771994,0.008802383206784725,0.020954418927431107,3.029159777092211,0.0817786455154419,0.7037962675094604,10,3.0291468027801187
aloi,1,0.01,123,0.00438175443559885,0.00960089173167944,0.025514226406812668,3.13338911894596,0.11715014278888702,0.695277750492096,9,3.1333697713911683
aloi,1,0.01,42,0.0040151700377464294,0.009495558217167854,0.02339676395058632,3.1579574599410547,0.08907803893089294,0.7183333039283752,12,3.1579372329077713
aloi,0.5,0.01,456,0.008449858593545814,0.017836380362672568,0.04440458108559726,3.3393365036357534,0.07124912738800049,0.7445370554924011,14,3.33931760830131
aloi,0.5,0.01,123,0.00915936753153801,0.020065423101186752,0.05350670963525772,3.4089737588709053,0.09108325839042664,0.7528703808784485,14,3.408949104255847
aloi,0.5,0.01,42,0.008369938470423222,0.019821928814053535,0.049073945730924606,3.4980269273122153,0.08145003765821457,0.7654629349708557,17,3.498004083989484
aloi,0.1,0.01,456,0.04883382096886635,0.1058785691857338,0.2535541355609894,6.300741224577933,0.22700002789497375,0.8025000095367432,27,6.300723014116976
aloi,0.1,0.01,123,0.07062374800443649,0.19867956638336184,0.6997368335723877,5.742147951415091,0.22069665789604187,0.7819444537162781,31,5.742119080175955
aloi,0.1,0.01,42,0.04401961792010463,0.09484770715354836,0.25425202487671533,5.7559638673608955,0.17656198143959043,0.7863888740539551,33,5.755920877553821
aloi,0.01,0.01,456,0.14456993341445923,0.3634921312332154,0.9196431636810304,8.714655471570564,0.43765735626220703,0.8129629492759705,39,8.714640824590008
aloi,0.01,0.01,123,0.21974777194747505,0.6236925683204865,2.0126269245913653,8.428124413345799,0.4936725795269013,0.8090740442276001,32,8.428104460266306
aloi,0.01,0.01,42,0.15435169637203217,0.3966157138347626,1.0671828985214231,9.055015202724572,0.43456411361694336,0.8142592310905457,37,9.054987766719506
aloi,0.001,0.01,456,0.1525527536869049,0.393823504447937,1.0015416145324707,9.45794268810388,0.440957248210907,0.8105555772781372,39,9.45791825977951
aloi,0.001,0.01,123,0.17736117541790009,0.43660348653793335,1.1895673274993896,9.140815966057056,0.5305178761482239,0.8144444227218628,32,9.140785011328004
aloi,0.001,0.01,42,0.1670171320438385,0.4262118935585022,1.152832806110382,8.761862480279172,0.4311524629592895,0.804722249507904,37,8.76184352680897
aloi,0.0001,0.01,456,0.16657356917858124,0.43512701988220215,1.1318532228469849,9.103165857719652,0.43756505846977234,0.7931481599807739,39,9.103135647496316
aloi,0.0001,0.01,123,0.24845058771922507,0.7144943501781417,2.3278093385000194,8.857125903620865,0.5276191234588623,0.8018518686294556,32,8.857107031759766
aloi,0.0001,0.01,42,0.1724219024181366,0.44512510299682617,1.1998547911643982,9.168340104998965,0.420474112033844,0.8124074339866638,37,9.16831297367934
jannis,10,0.01,456,0.0002925664884969592,0.0004732484230771661,0.0008117903489619493,1.7246546195103571,0.004308587871491909,0.4730117022991181,1,1.7246504105158276
jannis,10,0.01,123,0.00030428555328398943,0.0004757876158691942,0.0008135010721161962,1.8761288248575652,0.006181852426379919,0.5211368799209595,6,1.87612230587488
jannis,10,0.01,42,0.000313349766337155,0.00048421028669431927,0.0008143977021964602,1.657959213623634,0.003790013026446104,0.5377358198165894,3,1.6579559297129465
jannis,5,0.01,456,0.0005874790656279751,0.0009500072742127254,0.0016291363047858949,2.465082737115713,0.007781595923006535,0.4931932091712952,5,2.4650773636294927
jannis,5,0.01,123,0.0006104575004428625,0.0009553787531331182,0.001634572516195476,2.6675271529417772,0.012569968588650228,0.4894912838935852,11,2.667517387507907
jannis,5,0.01,42,0.0006292667821981013,0.0009720723028294742,0.00163541070651263,2.2877719402313232,0.008020276203751564,0.5367805361747742,6,2.2877645461357905
jannis,2,0.01,456,0.0014841827796772122,0.0024005486629903316,0.00411700876429677,4.578320998411912,0.020779384300112724,0.5247193574905396,9,4.578301149183093
jannis,0.001,0.01,123,0.386083722114563,0.6235452890396118,1.0736974477767944,26.758429307204025,0.021463651210069656,0.6214473247528076,52,26.758386543234096
jannis,0.001,0.01,42,0.3850802481174469,0.6343764662742615,1.0762763023376465,29.779882137592026,0.023618578910827637,0.6204919815063477,54,29.779823375867004
jannis,2,0.01,123,0.0015442809090018272,0.002418830757960677,0.00413978798314929,4.317758395121648,0.02697785384953022,0.551349401473999,26,4.317737954359663
jannis,2,0.01,42,0.0015930788358673451,0.0024614138528704643,0.004145627841353416,4.500574093598586,0.022759027779102325,0.5643659234046936,11,4.500546545155984
jannis,1,0.01,456,0.0030198721999604864,0.00488445003328492,0.008394394154810353,7.864961477426382,0.041108354926109314,0.5366610884666443,15,7.864934901844633
jannis,1,0.01,123,0.003142868287276988,0.004920178481689875,0.008447403994315057,7.042486520913931,0.047396957874298096,0.5826367139816284,39,7.042457031695806
jannis,1,0.01,42,0.003241067985072732,0.005024327430874109,0.008461881428956985,7.557179395969097,0.04212253913283348,0.5856221914291382,14,7.557132487684381
jannis,0.5,0.01,456,0.006217507179826498,0.010068600997328758,0.01730440929532051,12.191983406360333,0.07202156633138657,0.594459056854248,20,12.19194199325587
jannis,0.5,0.01,123,0.0064799487590789795,0.010186958126723766,0.017454538494348526,11.060952846820538,0.07640757411718369,0.595175564289093,44,11.060911730548414
jannis,0.5,0.01,42,0.006667498973791327,0.01035802177313786,0.017475206722745457,11.411934742560751,0.06724438071250916,0.6095055937767029,22,11.41187777104036
jannis,0.1,0.01,456,0.035726550966501236,0.05884774774312973,0.10271937400102615,19.88518582857572,0.061966899782419205,0.6308813095092773,35,19.885132369629854
jannis,0.1,0.01,123,0.037445779889822006,0.060678400099277496,0.10612929612398148,20.88727415524996,0.06850677728652954,0.643778383731842,48,20.887209356146187
jannis,0.1,0.01,42,0.03871818259358406,0.061864521354436874,0.10727693885564804,19.86803025465745,0.0607888326048851,0.6120133996009827,39,19.867959536889217
jannis,0.01,0.01,456,0.32536953687667847,0.5462659597396851,0.9543262720108032,26.46942035968487,0.02208002284169197,0.6216861605644226,50,26.469369604800228
jannis,0.01,0.01,123,0.33047653850288067,0.5357729504430195,0.9239728194710732,27.084873859698956,0.022717418149113655,0.6181036829948425,50,27.08482443030287
jannis,0.01,0.01,42,0.35312753915786743,0.580488920211792,0.9879005551338196,26.65263403379,0.019508657976984978,0.6138046383857727,54,26.652577720313715
jannis,0.001,0.01,456,0.385763269082166,0.6523054175895359,1.138563530476514,25.400507486783543,0.02013562992215157,0.6195366382598877,53,25.40044991182935
jannis,0.0001,0.01,456,0.3902592907760464,0.6587902091522366,1.1456053949048373,25.497830317570617,0.019928649067878723,0.6175065636634827,53,25.497781041386208
jannis,0.0001,0.01,123,0.38259725587930327,0.6161086821924664,1.0621913636849172,27.218488399799053,0.021915007382631305,0.6209696531295776,52,27.218426574843978
jannis,0.0001,0.01,42,0.409112713773772,0.6731567205532963,1.1396065802865032,28.40310500218318,0.02111802250146866,0.6122522354125977,54,28.40304068932542
